SourceFake,TargetFake,Weight
Brian Porter,Jared Heyman,2.0
Brian Porter,Thomas Myers,1.0
Brian Porter,Richard Ferguson,1.0
Marissa Davis,Jared Heyman,2.0
Marissa Davis,Holly Hardy,1.0
Sara Schwartz,Erika Serrano,1.0
Sara Schwartz,Tammy Walker,1.0
Sara Schwartz,Jessica Kane,1.0
Sara Schwartz,Jared Heyman,3.0
Christy Jones,Jared Heyman,3.0
Christy Jones,Seth Houston,1.0
Paul Patton,Jared Heyman,3.0
Paul Patton,Ralph Evans,1.0
Marie Smith,Jared Heyman,3.0
Marie Smith,Mr. Paul Martinez,1.0
Pamela Hayes,Jared Heyman,3.0
Pamela Hayes,Joseph Sullivan,1.0
Pamela Hayes,Robert Goodman MD,1.0
Daniel Huffman,Jacob Wilson,1.0
Daniel Huffman,Jared Heyman,2.0
Daniel Huffman,Elizabeth Hale,1.0
Daniel Huffman,Sara Byrd,1.0
Heather Santiago,Jared Heyman,3.0
Heather Santiago,Mary Parker,1.0
Johnathan Anderson,Maria Jones,1.0
Johnathan Anderson,Sara Byrd,1.0
Johnathan Anderson,Amanda Jones,1.0
Johnathan Anderson,Jared Heyman,3.0
Johnathan Anderson,Mary Weber,1.0
Shawn Moran,Cameron Moon,1.0
Shawn Moran,Jared Heyman,2.0
Jessica Phillips,Brandon Jackson,1.0
Jessica Phillips,Teresa Hudson,1.0
Jessica Phillips,Jared Heyman,2.0
Shannon Alexander,Jennifer Ellis,1.0
Shannon Alexander,Jared Heyman,2.0
Mary Scott,Karen Holland,1.0
Mary Scott,Joseph Sullivan,1.0
Mary Scott,Jared Heyman,3.0
Mary Scott,Samuel Cline,1.0
Mary Scott,William Bradford,1.0
Andrea Andrews,Andrea Combs,1.0
Andrea Andrews,Jared Heyman,2.0
Caleb Chapman,Thomas Myers,1.0
Caleb Chapman,Jared Heyman,2.0
Amanda Johnson,Logan Baker Jr.,1.0
Amanda Johnson,Amanda Jones,1.0
Amanda Johnson,Alyssa Holmes,1.0
Amanda Johnson,Ellen Martinez,1.0
Amanda Johnson,Holly Hardy,1.0
Amanda Johnson,Jared Heyman,3.0
Amanda Johnson,Rachel Martin,1.0
Amanda Johnson,Nancy Ruiz,1.0
Amanda Johnson,Randy Duran,1.0
Amanda Johnson,Kirk Cohen,1.0
Robert Williams,Adrienne Charles,1.0
Robert Williams,Teresa Hudson,1.0
Robert Williams,Jared Heyman,1.0
Robert Williams,Mary Weber,1.0
Paul Howe,Mark Romero,1.0
Paul Howe,Jared Heyman,1.0
Denise Rojas,Jared Heyman,3.0
Denise Rojas,Tammy Walker,1.0
Charles Torres,Jared Heyman,2.0
Charles Torres,Marie Williams,1.0
Charles Torres,Amanda Jones,1.0
Charles Torres,Tracy Allen,1.0
Thomas Reynolds,Jacqueline Thomas,1.0
Thomas Reynolds,Blake Martinez,1.0
Thomas Reynolds,Kathleen Garcia,1.0
Thomas Reynolds,John Brewer,1.0
Thomas Reynolds,Jared Heyman,2.0
Thomas Reynolds,Seth Houston,1.0
Thomas Reynolds,Mr. Paul Martinez,1.0
Thomas Reynolds,Samuel Cline,1.0
Thomas Reynolds,Douglas Hoover,1.0
David Montes,Adrienne Charles,1.0
David Montes,Jared Heyman,2.0
David Montes,Betty Sharp,1.0
Briana Harris,Elizabeth Hale,1.0
Briana Harris,Jared Heyman,2.0
Christine Brown,Cindy Meyer,1.0
Christine Brown,Mary Schmidt,1.0
Christine Brown,Stephanie Russell,1.0
Christine Brown,Mr. Paul Martinez,1.0
Christine Brown,Tamara Murphy,1.0
Christine Brown,Jessica Welch,1.0
Christine Brown,Meagan Newman,1.0
Christine Brown,Ellen Martinez,1.0
Christine Brown,Tammy Walker,1.0
Christine Brown,Ashley Rodriguez,1.0
Christine Brown,Joseph Donaldson,1.0
Christine Brown,Jennifer Barrett,1.0
Christine Brown,Jared Heyman,3.0
Terry Fowler,Ralph Ford,1.0
Terry Fowler,Jared Heyman,3.0
Allison Oliver,Jared Heyman,2.0
Allison Oliver,Betty Sharp,1.0
Kimberly Lopez,Jeffrey Chung,1.0
Kimberly Lopez,Jared Heyman,1.0
Jesus Scott,Teresa Hudson,1.0
Jesus Scott,Jared Heyman,3.0
Jesus Scott,Mark Romero,1.0
Amanda Ferguson,Jared Heyman,3.0
Amanda Ferguson,Miss Julia Miller,1.0
Kristin Whitehead,Jared Heyman,2.0
Kristin Whitehead,Michelle Murphy,1.0
Kristin Whitehead,Betty Sharp,1.0
Sabrina Cook,Cindy Meyer,1.0
Sabrina Cook,Jared Heyman,3.0
Rebecca Hardy,Adrienne Charles,1.0
Rebecca Hardy,Jared Heyman,2.0
Susan Johnson,Michelle Murphy,1.0
Susan Johnson,Jared Heyman,2.0
William Parks,Brandon Jackson,1.0
William Parks,Marie Williams,1.0
William Parks,Marissa Chung,1.0
William Parks,Jared Heyman,2.0
William Parks,Regina Kelly,1.0
Beth Cross,Jared Heyman,2.0
Beth Cross,Adrienne Charles,1.0
Caleb Black,Ralph Evans,1.0
Caleb Black,Jared Heyman,2.0
Jordan Williams,Nicholas Pace,1.0
Jordan Williams,Jared Heyman,2.0
Christopher Hodges,Mark Romero,1.0
Christopher Hodges,Jared Heyman,1.0
Edward Phillips,Samuel Cline,1.0
Edward Phillips,Jared Heyman,2.0
Christy Jones,Jared Heyman,2.0
Christy Jones,Jessica Kane,1.0
Debbie Cuevas,Jared Heyman,3.0
Debbie Cuevas,Samuel Cline,1.0
Debbie Cuevas,Adrienne Charles,1.0
Maurice Avery,Jared Heyman,2.0
Maurice Avery,Tammy Walker,1.0
Katie Guerrero,Tracy Allen,1.0
Katie Guerrero,Jared Heyman,2.0
Katie Guerrero,John Brewer,1.0
Katie Guerrero,Kyle Scott,1.0
Nicole Juarez,Marie Williams,1.0
Nicole Juarez,Jared Heyman,2.0
Gregory Green,Adrienne Charles,1.0
Gregory Green,Jared Heyman,2.0
Robert Long DDS,Michelle Murphy,1.0
Robert Long DDS,Jared Heyman,2.0
Danielle Sanchez,Samuel Cline,1.0
Danielle Sanchez,Jared Heyman,2.0
Melissa Gutierrez,Teresa Hudson,1.0
Melissa Gutierrez,Jared Heyman,2.0
Melissa Gutierrez,Ashley Fuentes,1.0
Michelle Bowman,Betty Sharp,1.0
Michelle Bowman,Jared Heyman,2.0
Beverly Garcia MD,Jared Heyman,2.0
Beverly Garcia MD,Donna Simpson,1.0
Andrew Little,Jared Heyman,1.0
Andrew Little,Ralph Evans,1.0
Mr. Ryan Ramirez II,Ricky Butler,1.0
Mr. Ryan Ramirez II,Jennifer Barrett,1.0
Mr. Ryan Ramirez II,Jared Heyman,1.0
Mr. Ryan Ramirez II,Dana Hall,1.0
Mr. Ryan Ramirez II,Bianca Rose,1.0
Mr. Ryan Ramirez II,Ralph Ford,1.0
Mr. Ryan Ramirez II,Cynthia Kennedy,1.0
Mr. Ryan Ramirez II,Tamara Murphy,1.0
Mr. Ryan Ramirez II,Jeanette Brown,1.0
Mr. Ryan Ramirez II,Zachary Prince,1.0
Mr. Ryan Ramirez II,Ashley Rodriguez,1.0
Mr. Ryan Ramirez II,Jessica Waters,1.0
Mr. Ryan Ramirez II,Holly Hardy,1.0
Tina Johnson,Jared Heyman,3.0
Tina Johnson,Gene Harrison,1.0
Brittany Larson,Jared Heyman,1.0
Brittany Larson,Michael Rhodes MD,1.0
Cameron Campbell,Michelle Murphy,1.0
Cameron Campbell,Jacqueline Jones,1.0
Cameron Campbell,Brandon Jackson,1.0
Cameron Campbell,Jared Heyman,1.0
Ruben Obrien,Mr. Paul Martinez,1.0
Ruben Obrien,Jared Heyman,2.0
Jeffery Brown,Ryan Burton,1.0
Jeffery Brown,Jared Heyman,2.0
Jeffery Brown,Dana Hall,1.0
Alisha Richmond,Jared Heyman,3.0
Alisha Richmond,Dawn Gibson,1.0
Scott Williams,Jared Heyman,2.0
Scott Williams,Jackie Brandt,1.0
Lauren Davis,Bianca Rose,1.0
Lauren Davis,Stephanie Russell,1.0
Lauren Davis,Cynthia Kennedy,1.0
Lauren Davis,Ashley Rodriguez,1.0
Lauren Davis,Jared Heyman,2.0
Lauren Davis,Tamara Murphy,1.0
Lauren Davis,Jacqueline Thomas,1.0
Monica Heath,Michelle Murphy,1.0
Monica Heath,Jared Heyman,1.0
Angel Mclaughlin,Mr. Paul Martinez,1.0
Angel Mclaughlin,Jared Heyman,2.0
Angel Mclaughlin,Kellie Rice,1.0
Angel Mclaughlin,John Brewer,1.0
Angel Mclaughlin,William Barnett,1.0
Michael Cummings,Jerry Gonzales,1.0
Michael Cummings,Robert Goodman MD,1.0
Michael Cummings,Jared Heyman,3.0
Michael Cummings,Miss Julia Miller,1.0
Janet Aguilar,Jennifer Ellis,1.0
Janet Aguilar,Michael Banks,1.0
Janet Aguilar,Kathy Cantu,1.0
Janet Aguilar,Jared Heyman,2.0
Janet Aguilar,Mr. Paul Martinez,1.0
Karl Boyle,Jared Heyman,2.0
Karl Boyle,Betty Sharp,1.0
David Cantu,Jared Heyman,2.0
David Cantu,Robert Carey,1.0
David Cantu,Christopher White,1.0
Eduardo Contreras,Jared Heyman,2.0
Eduardo Contreras,Donna Simpson,1.0
Kelsey Fox,Jared Heyman,2.0
Kelsey Fox,Kenneth Acevedo,1.0
Kelsey Fox,Bryan Spence,1.0
Kelsey Fox,David Wilson,1.0
Kelsey Fox,Laura Matthews,1.0
Kelsey Fox,Alyssa Holmes,1.0
Kelsey Fox,Jose Mathews,1.0
April Powers,Brandon Jackson,1.0
April Powers,Jeffrey Chung,1.0
April Powers,Melanie Ritter,1.0
April Powers,Anthony Gonzalez,1.0
April Powers,Jared Heyman,2.0
April Powers,William Barnett,1.0
April Powers,Nicholas Kline,1.0
Cody Cardenas,Adrienne Charles,1.0
Cody Cardenas,Jared Heyman,2.0
Cody Cardenas,Mr. Paul Martinez,1.0
Cody Cardenas,Betty Sharp,1.0
Kayla Barker,Elizabeth House,1.0
Kayla Barker,Jacqueline Jones,1.0
Kayla Barker,Jared Heyman,2.0
Brian Montgomery,Jared Heyman,3.0
Brian Montgomery,Ryan Burton,1.0
Cameron Santos,Jared Heyman,3.0
Cameron Santos,William Barnett,1.0
Joel Jones,Adrienne Charles,1.0
Joel Jones,Jared Heyman,3.0
Joel Jones,Jamie Stone,1.0
Joel Jones,Samuel Cline,1.0
Joel Jones,Mary Weber,1.0
Joel Jones,Michelle Murphy,1.0
Gail Fry,Jared Heyman,2.0
Gail Fry,Robert Goodman MD,1.0
Gail Fry,William Bradford,1.0
Gail Fry,Richard Miller,1.0
Gail Fry,Jason Odom,1.0
Gail Fry,Michael Thomas,1.0
Blake Singh,Sara Byrd,1.0
Blake Singh,Jared Heyman,1.0
Brandy Herrera,Tammy Walker,1.0
Brandy Herrera,Jared Heyman,3.0
Tracey Armstrong,Brandon Jackson,1.0
Tracey Armstrong,Jared Heyman,2.0
Tracey Armstrong,Teresa Hudson,1.0
Tracey Armstrong,Adrienne Charles,1.0
Sean Obrien,Jared Heyman,1.0
Sean Obrien,Tammy Walker,1.0
Robert Burnett,Teresa Hudson,1.0
Robert Burnett,Jared Heyman,2.0
Jason Dixon,Donna Simpson,1.0
Jason Dixon,Jared Heyman,3.0
Mariah Taylor,Jared Heyman,1.0
Mariah Taylor,Ashley Rodriguez,1.0
Kimberly Martinez,Matthew Cummings,1.0
Kimberly Martinez,Tracy Allen,1.0
Kimberly Martinez,Sara Byrd,1.0
Kimberly Martinez,Jared Heyman,3.0
Kimberly Martinez,Regina Kelly,1.0
Kimberly Martinez,Brandon Jackson,1.0
Kimberly Martinez,Gary Yoder,1.0
Kimberly Martinez,Maria Jones,1.0
Kimberly Martinez,Logan Baker Jr.,1.0
Kimberly Martinez,Betty Sharp,1.0
Kimberly Martinez,Marie Williams,1.0
Kimberly Martinez,Teresa Hudson,1.0
Kimberly Martinez,Mary Weber,1.0
Kimberly Martinez,Brian Anderson,1.0
William Murphy,Nancy Ruiz,1.0
William Murphy,Jared Heyman,2.0
Cheryl Martin,Jared Heyman,2.0
Cheryl Martin,Cynthia Kennedy,1.0
Jared Cruz,Cindy Meyer,1.0
Jared Cruz,Regina Kelly,1.0
Jared Cruz,Jacob Wilson,1.0
Jared Cruz,Jared Heyman,2.0
Dr. Christopher Strickland,Jared Heyman,2.0
Dr. Christopher Strickland,Brittany Lutz,1.0
Dr. Christopher Strickland,Ryan Burton,1.0
Lisa Thompson,Mr. Paul Martinez,1.0
Lisa Thompson,Rachel Martin,1.0
Lisa Thompson,Sara Byrd,1.0
Lisa Thompson,Jared Heyman,3.0
Lisa Thompson,Maria Jones,1.0
Lisa Thompson,Christopher White,1.0
Jason Lane,Miss Julia Miller,1.0
Jason Lane,Logan Baker Jr.,1.0
Jason Lane,Michelle Murphy,1.0
Jason Lane,Jared Heyman,2.0
Catherine Gutierrez,Jennifer Barrett,1.0
Catherine Gutierrez,Jared Heyman,2.0
Catherine Gutierrez,Mary Clark,1.0
Daniel Bryan,Alan Grant,1.0
Daniel Bryan,Jerry Gonzales,1.0
Daniel Bryan,Adrienne Charles,1.0
Daniel Bryan,Miss Julia Miller,1.0
Daniel Bryan,Jared Heyman,3.0
Daniel Bryan,Mary Weber,1.0
Daniel Bryan,Teresa Hudson,1.0
Joy Evans,Nicholas Pace,1.0
Joy Evans,Jared Heyman,2.0
Joy Evans,Regina Kelly,1.0
Sarah Jones,Ashley Rodriguez,1.0
Sarah Jones,Nicholas Pace,1.0
Sarah Jones,Mr. Paul Martinez,1.0
Sarah Jones,Jared Heyman,2.0
Kimberly Peters,Jared Heyman,3.0
Kimberly Peters,Samuel Cline,1.0
Stacy Lindsey,Jared Heyman,2.0
Stacy Lindsey,Elizabeth Gould,1.0
Marc Byrd,Jared Heyman,3.0
Marc Byrd,Jeremy Mcpherson,1.0
Ms. Mary Miller,Jerry Gonzales,1.0
Ms. Mary Miller,Jared Heyman,2.0
Randy Smith,Dillon Williams,1.0
Randy Smith,Joseph Donaldson,1.0
Randy Smith,Jared Heyman,2.0
Stephanie Joseph,Tracy Allen,1.0
Stephanie Joseph,Jared Heyman,2.0
Stephanie Joseph,Richard Ferguson,1.0
Steve Neal,Jared Heyman,2.0
Steve Neal,Jacqueline Jones,1.0
Steve Neal,Elizabeth Wallace,1.0
Tony Sloan,Jared Heyman,2.0
Tony Sloan,Kellie Rice,1.0
Stephen Coleman,Betty Sharp,1.0
Stephen Coleman,Jared Heyman,1.0
Timothy Hunt,Melanie Mcknight,1.0
Timothy Hunt,Jared Heyman,3.0
Timothy Hunt,William Holloway,1.0
Robert Watkins,Jared Heyman,3.0
Robert Watkins,Jeffrey Chung,1.0
Laurie Proctor MD,Adrienne Charles,1.0
Laurie Proctor MD,Brandon Jackson,1.0
Laurie Proctor MD,Jordan Gomez,1.0
Laurie Proctor MD,Jared Heyman,1.0
Laurie Proctor MD,Terry Fields,1.0
Anthony Parker,Jonathan Howe DVM,1.0
Anthony Parker,William Bradford,1.0
Anthony Parker,Robert Goodman MD,1.0
Anthony Parker,Jared Heyman,3.0
Randall Gill,Gene Harrison,1.0
Randall Gill,Jonathan Hall,1.0
Randall Gill,Jared Heyman,2.0
Ashley Hernandez,Mr. Paul Martinez,1.0
Ashley Hernandez,Stephanie Russell,1.0
Ashley Hernandez,Jared Heyman,2.0
Ashley Hernandez,Thomas Myers,1.0
Tanya Randall,Christopher Carlson,1.0
Tanya Randall,Alexis Hernandez,1.0
Tanya Randall,Jared Heyman,2.0
Kaitlyn Hardy,Jerry Gonzales,1.0
Kaitlyn Hardy,Jeffrey Chung,1.0
Kaitlyn Hardy,Jared Heyman,1.0
Angela Aguilar,Jared Heyman,2.0
Angela Aguilar,Samuel Cline,1.0
Michelle Bell,Holly Hardy,1.0
Michelle Bell,Jared Heyman,2.0
Michelle Bell,Mr. Paul Martinez,1.0
Michelle Bell,William Barnett,1.0
Ian Martin,Betty Sharp,1.0
Ian Martin,Jared Heyman,2.0
Kim Hughes,Frederick Medina,1.0
Kim Hughes,Jared Heyman,3.0
Michael Collins,Stephanie Russell,1.0
Michael Collins,Jared Heyman,1.0
Randall Ellison,Jared Heyman,2.0
Randall Ellison,Adrienne Charles,1.0
Mark Jackson,Cynthia Kennedy,1.0
Mark Jackson,Jason Odom,1.0
Mark Jackson,Barry Henderson,1.0
Mark Jackson,Mary Weber,1.0
Mark Jackson,Jacqueline Thomas,1.0
Mark Jackson,Jared Heyman,3.0
Ryan Castaneda,Bianca Rose,1.0
Ryan Castaneda,Alyssa Holmes,1.0
Ryan Castaneda,Elizabeth Gould,1.0
Ryan Castaneda,Ashley Rodriguez,1.0
Ryan Castaneda,Jennifer Barrett,1.0
Ryan Castaneda,Jared Heyman,2.0
Douglas Sims,Jared Heyman,2.0
Douglas Sims,John Brewer,1.0
Kyle Hansen,Jennifer Barrett,1.0
Kyle Hansen,Jared Heyman,3.0
Kyle Hansen,Dawn Gibson,1.0
Jennifer Sexton,Meagan Newman,1.0
Jennifer Sexton,Jennifer Barrett,1.0
Jennifer Sexton,Ellen Martinez,1.0
Jennifer Sexton,Mary Weber,1.0
Jennifer Sexton,Alan Grant,1.0
Jennifer Sexton,Logan Baker Jr.,1.0
Jennifer Sexton,Sara Byrd,1.0
Jennifer Sexton,Ashley Rodriguez,1.0
Jennifer Sexton,Cindy Meyer,1.0
Jennifer Sexton,Michael Thomas,1.0
Jennifer Sexton,Amanda Jones,1.0
Jennifer Sexton,Tamara Murphy,1.0
Jennifer Sexton,Frederick Medina,1.0
Jennifer Sexton,Ronald Warren,1.0
Jennifer Sexton,Bianca Rose,1.0
Jennifer Sexton,Robert Goodman MD,1.0
Jennifer Sexton,Stephanie Russell,1.0
Jennifer Sexton,Jared Heyman,3.0
Lisa Lopez,Brandon Jackson,1.0
Lisa Lopez,Adrienne Charles,1.0
Lisa Lopez,Jared Heyman,3.0
Brian Bray,Jared Heyman,2.0
Brian Bray,Sara Byrd,1.0
Tina Smith,Nicholas Pace,1.0
Tina Smith,Jared Heyman,2.0
Kerri Stephens,Jared Heyman,1.0
Kerri Stephens,Mr. Jeremy Werner MD,1.0
Kerri Stephens,Michael Rhodes MD,1.0
Derrick Miles,Mark Romero,1.0
Derrick Miles,Joshua Chang,1.0
Derrick Miles,Jared Heyman,2.0
Rhonda Cain,Mary Weber,1.0
Rhonda Cain,Jared Heyman,2.0
Rhonda Cain,Kathy Cantu,1.0
Jacob Ramirez,Jared Heyman,1.0
Jacob Ramirez,Shawn Sanchez,1.0
Eric Ellis,Jared Heyman,1.0
Eric Ellis,Jacob Wilson,1.0
Eric Ellis,Rachel Martin,1.0
Jerry Thomas,Jared Heyman,3.0
Jerry Thomas,Donna Simpson,1.0
Christopher Stone,Betty Sharp,1.0
Christopher Stone,Jared Heyman,1.0
Karen Johnson,Jared Heyman,2.0
Karen Johnson,Mr. Paul Martinez,1.0
Karen Johnson,Jeffrey Chung,1.0
Karen Johnson,Jennifer Ellis,1.0
Alex Jenkins,Jennifer Barrett,1.0
Alex Jenkins,Elizabeth House,1.0
Alex Jenkins,Jared Heyman,2.0
Alex Jenkins,Alan Grant,1.0
Andres Love MD,Samuel Cline,1.0
Andres Love MD,Jared Heyman,3.0
Barry Chavez,Brandon Jackson,1.0
Barry Chavez,Jared Heyman,2.0
Barry Chavez,Mr. Paul Martinez,1.0
Barry Chavez,Jacqueline Jones,1.0
Barry Chavez,John Brewer,1.0
Barry Chavez,Betty Sharp,1.0
Barry Chavez,Jerry Gonzales,1.0
Barry Chavez,Michelle Murphy,1.0
Laura Weber,Jared Heyman,1.0
Laura Weber,Adrienne Charles,1.0
Carol Graham,John Brewer,1.0
Carol Graham,Lauren Nelson,1.0
Carol Graham,Zachary Powers,1.0
Carol Graham,Jared Heyman,2.0
Joshua Andrade,Marie Williams,1.0
Joshua Andrade,Jennifer Barrett,1.0
Joshua Andrade,Zachary Prince,1.0
Joshua Andrade,Jillian Fowler,1.0
Joshua Andrade,Cynthia Kennedy,1.0
Joshua Andrade,Devin Hernandez,1.0
Joshua Andrade,Frederick Medina,1.0
Joshua Andrade,Ashley Rodriguez,1.0
Joshua Andrade,Jared Heyman,3.0
Joshua Andrade,Lauren Jackson,1.0
Joshua Andrade,Bianca Rose,1.0
Joshua Andrade,Holly Hardy,1.0
Miranda Burns,Jared Heyman,3.0
Miranda Burns,Brandon Jackson,1.0
Catherine Trevino,Betty Sharp,1.0
Catherine Trevino,Jared Heyman,2.0
David Smith,Jared Heyman,2.0
David Smith,Terry Fields,1.0
Suzanne Baker,Jared Heyman,2.0
Suzanne Baker,Adrienne Charles,1.0
Suzanne Baker,Michael Banks,1.0
Suzanne Baker,Mr. Paul Martinez,1.0
,Teresa Hudson,1.0
,Nicholas Pace,1.0
,Elizabeth Wallace,1.0
,Mr. Paul Martinez,1.0
,Adrienne Charles,1.0
,Samuel Cline,1.0
,Dawn Gibson,1.0
,Brandon Jackson,1.0
,Cindy Meyer,1.0
Jonathan Rogers,Mr. Paul Martinez,1.0
Jonathan Rogers,Jared Heyman,2.0
Angela Elliott DDS,Teresa Hudson,1.0
Angela Elliott DDS,Cindy Meyer,1.0
Angela Elliott DDS,Jared Heyman,3.0
Curtis Stevens,Jared Heyman,3.0
Curtis Stevens,Tammy Walker,1.0
Kathleen Adams,Mary Weber,1.0
Kathleen Adams,Jared Heyman,3.0
Kathleen Adams,Mr. Paul Martinez,1.0
Kathleen Adams,Teresa Hudson,1.0
Kathleen Adams,Adrienne Charles,1.0
Kathleen Adams,Robert Goodman MD,1.0
Sandra Clements,Elizabeth House,1.0
Sandra Clements,Jared Heyman,3.0
Samuel Nielsen,Miss Julia Miller,1.0
Samuel Nielsen,Jared Heyman,3.0
Sharon Burton,Michael Thomas,1.0
Sharon Burton,Jared Heyman,2.0
Charles Nelson,Nicholas Pace,1.0
Charles Nelson,Jared Heyman,2.0
Amy Lawson,Mr. Jeremy Werner MD,1.0
Amy Lawson,Maria Jones,1.0
Amy Lawson,Jared Heyman,2.0
Carol Sanchez,Alexis Hernandez,1.0
Carol Sanchez,Jennifer Barrett,1.0
Carol Sanchez,Stephanie Russell,1.0
Carol Sanchez,Christopher Carlson,1.0
Carol Sanchez,Robert Goodman MD,1.0
Carol Sanchez,Mr. Paul Martinez,1.0
Carol Sanchez,Jamie Stone,1.0
Carol Sanchez,Jared Heyman,3.0
Carol Sanchez,Jeanette Brown,1.0
Ronald Sampson,Jared Heyman,2.0
Ronald Sampson,Brianna Rowland,1.0
Katherine Ballard,Adrienne Charles,1.0
Katherine Ballard,Jared Heyman,2.0
Kelly Brown,Jared Heyman,2.0
Kelly Brown,Teresa Hudson,1.0
Kelly Brown,Christopher White,1.0
Kelly Brown,Christopher Mcbride MD,1.0
Kelly Brown,Adrienne Charles,1.0
Kelly Brown,Brandon Jackson,1.0
Kimberly Shannon,Nancy Ruiz,1.0
Kimberly Shannon,Richard Dalton,1.0
Kimberly Shannon,Jared Heyman,3.0
Charles Rosario,Christopher Carlson,1.0
Charles Rosario,Alexis Hernandez,1.0
Charles Rosario,Jared Heyman,3.0
Robyn Stone,Anna Anderson,1.0
Robyn Stone,Marissa Chung,1.0
Robyn Stone,Jared Heyman,3.0
Angela Wright,Jared Heyman,2.0
Angela Wright,Cameron Moon,1.0
Dale Hamilton,Jared Heyman,2.0
Dale Hamilton,Erika Serrano,1.0
James Sutton Jr.,Jared Heyman,2.0
James Sutton Jr.,Jeanette Brown,1.0
James Sutton Jr.,Robert Goodman MD,1.0
James Sutton Jr.,Teresa Hudson,1.0
James Sutton Jr.,Adrienne Charles,1.0
James Sutton Jr.,Brandon Jackson,1.0
Samuel Duran,Jared Heyman,3.0
Samuel Duran,Frederick Medina,1.0
John Yu,Adrienne Charles,1.0
John Yu,Jared Heyman,2.0
John Yu,Nicholas Pace,1.0
John Yu,Samuel Cline,1.0
Michael Pace,Jacob Wilson,1.0
Michael Pace,Ashley Rodriguez,1.0
Michael Pace,Bianca Rose,1.0
Michael Pace,Jordan Gomez,1.0
Michael Pace,Jared Heyman,2.0
Jacqueline Nguyen,Mary Weber,1.0
Jacqueline Nguyen,Adrienne Charles,1.0
Jacqueline Nguyen,Maria Jones,1.0
Jacqueline Nguyen,Christy Hunter,1.0
Jacqueline Nguyen,Brandon Jackson,1.0
Jacqueline Nguyen,Jared Heyman,3.0
Jose Anderson,Jared Heyman,1.0
Jose Anderson,Jeffrey Chung,1.0
Michelle Taylor,Dawn Gibson,1.0
Michelle Taylor,Elizabeth Gould,1.0
Michelle Taylor,Ralph Evans,1.0
Michelle Taylor,Lauren Nelson,1.0
Michelle Taylor,Jared Heyman,3.0
Beverly Lozano,Tammy Walker,1.0
Beverly Lozano,Jared Heyman,2.0
Alexandra Atkinson,Sara Byrd,1.0
Alexandra Atkinson,Kyle Scott,1.0
Alexandra Atkinson,Jared Heyman,2.0
Frederick Jones,Tracy Allen,1.0
Frederick Jones,Jared Heyman,2.0
Justin Thompson,Jared Heyman,2.0
Justin Thompson,Mark Romero,1.0
Ronald Glass,Isabel Drake,1.0
Ronald Glass,Linda Pham,1.0
Ronald Glass,Mary Schmidt,1.0
Ronald Glass,Bianca Rose,1.0
Ronald Glass,Jared Heyman,2.0
William Holt,Jordan Gomez,1.0
William Holt,Tina Parker,1.0
William Holt,Jared Heyman,2.0
Shawn White,Jared Heyman,2.0
Shawn White,Elizabeth House,1.0
Scott Choi DDS,Jared Heyman,1.0
Scott Choi DDS,Tammy Walker,1.0
Cheryl Mcdaniel,Jared Heyman,2.0
Cheryl Mcdaniel,Teresa Hudson,1.0
Mary Kelley,Abigail Lee,1.0
Mary Kelley,Jeffrey Chung,1.0
Mary Kelley,Mr. Paul Martinez,1.0
Mary Kelley,Michael Rhodes MD,1.0
Mary Kelley,Ashley Fuentes,1.0
Mary Kelley,Jared Heyman,2.0
Mary Kelley,Anna Anderson,1.0
Mary Kelley,Lauren Jackson,1.0
Mary Kelley,William Barnett,1.0
Mary Kelley,Stephanie Russell,1.0
Amber Petersen,Bianca Rose,1.0
Amber Petersen,Jared Heyman,2.0
Hayden Gutierrez,Jared Heyman,2.0
Hayden Gutierrez,Teresa Hudson,1.0
Randy Porter,Jared Heyman,2.0
Randy Porter,Mary Clark,1.0
Randy Porter,Jennifer Barrett,1.0
Amy Luna,Jared Heyman,2.0
Amy Luna,Ryan Burton,1.0
Randall Bray,Teresa Hudson,1.0
Randall Bray,Jared Heyman,2.0
Nicholas Dalton,Kathleen Garcia,1.0
Nicholas Dalton,Jared Heyman,2.0
Janet Zimmerman,Jeanette Brown,1.0
Janet Zimmerman,Jared Heyman,3.0
Bradley Smith,Jacqueline Jones,1.0
Bradley Smith,Jared Heyman,2.0
Bradley Smith,Douglas Hoover,1.0
Bradley Smith,Nancy Ruiz,1.0
Joseph Brown,Jared Heyman,1.0
Joseph Brown,Jacqueline Jones,1.0
Timothy Salinas,Brandon Jackson,1.0
Timothy Salinas,Jared Heyman,2.0
Timothy Salinas,Regina Kelly,1.0
William Brown,Betty Sharp,1.0
William Brown,Jared Heyman,1.0
William Brown,Teresa Hudson,1.0
Dana Nichols,Jeanette Brown,1.0
Dana Nichols,Bianca Rose,1.0
Dana Nichols,Mr. Paul Martinez,1.0
Dana Nichols,William Barnett,1.0
Dana Nichols,Marie White,1.0
Dana Nichols,Robert Goodman MD,1.0
Dana Nichols,Jared Heyman,3.0
Holly Vance,Adrienne Charles,1.0
Holly Vance,Jared Heyman,2.0
Holly Vance,Mr. Paul Martinez,1.0
Kyle Johnson,Kenneth Acevedo,1.0
Kyle Johnson,Jared Heyman,3.0
Justin Ritter,Adrienne Charles,1.0
Justin Ritter,Jared Heyman,2.0
Justin Ritter,Samuel Cline,1.0
Justin Ritter,Marissa Chung,1.0
Paul Russell,Jared Heyman,2.0
Paul Russell,Mr. Paul Martinez,1.0
Joseph Carroll,Logan Baker Jr.,1.0
Joseph Carroll,Jared Heyman,1.0
Leslie Ramirez,Michelle Murphy,1.0
Leslie Ramirez,Jared Heyman,2.0
Leslie Ramirez,Jacqueline Jones,1.0
Leslie Ramirez,Samuel Cline,1.0
Leslie Ramirez,Adrienne Charles,1.0
Leslie Ramirez,Brandon Jackson,1.0
Jeffrey Johnson,Christopher Carlson,1.0
Jeffrey Johnson,Alexis Hernandez,1.0
Jeffrey Johnson,Jared Heyman,1.0
Jeffrey Johnson,Jeffrey Chung,1.0
Tasha Gay,Adrienne Charles,1.0
Tasha Gay,Nicholas Pace,1.0
Tasha Gay,Jared Heyman,3.0
Janet Yoder DVM,Jared Heyman,3.0
Janet Yoder DVM,Javier Thompson,1.0
Carol Sullivan,Jared Heyman,2.0
Carol Sullivan,Nancy Ruiz,1.0
Carol Sullivan,Samuel Cline,1.0
Gary Dunn,Jared Heyman,1.0
Gary Dunn,Anthony Gonzalez,1.0
Melanie Yang,Tracy Allen,1.0
Melanie Yang,Mr. Paul Martinez,1.0
Melanie Yang,Robert Goodman MD,1.0
Melanie Yang,Jared Heyman,3.0
Melanie Yang,Matthew Cummings,1.0
Amy Valdez,Alan Grant,1.0
Amy Valdez,Jared Heyman,2.0
Jason Aguilar,Jeffrey Chung,1.0
Jason Aguilar,Jared Heyman,2.0
Jason Aguilar,Dawn Gibson,1.0
Terri Davis,Jared Heyman,1.0
Terri Davis,Ivan Newton,1.0
Terri Davis,Marissa Chung,1.0
Terri Davis,Adrienne Charles,1.0
Stephanie Meadows,Jared Heyman,2.0
Stephanie Meadows,Robin Hawkins,1.0
Stephanie Meadows,Dawn Gibson,1.0
Stephanie Meadows,Ralph Evans,1.0
Stephanie Meadows,Laura Matthews,1.0
Stephanie Meadows,Ricky Butler,1.0
Stephanie Meadows,Jose Mathews,1.0
Douglas Simpson,Anna Anderson,1.0
Douglas Simpson,Jared Heyman,2.0
Keith Hill,Nicholas Pace,1.0
Keith Hill,Mary Weber,1.0
Keith Hill,Jared Heyman,2.0
Keith Hill,Adrienne Charles,1.0
Keith Hill,Betty Sharp,1.0
Keith Hill,Mr. Paul Martinez,1.0
Debra Knox,Jamie Stone,1.0
Debra Knox,Jared Heyman,3.0
Michael Reed,Jared Heyman,2.0
Michael Reed,Mr. Ryan Gregory DVM,1.0
Alicia Scott,Kyle Scott,1.0
Alicia Scott,Jared Heyman,3.0
Alicia Scott,Adrienne Charles,1.0
Alicia Scott,Mr. Paul Martinez,1.0
Leonard Walker,Jared Heyman,2.0
Leonard Walker,Jamie Stone,1.0
Robert Mccann,Nancy Ruiz,1.0
Robert Mccann,Jared Heyman,2.0
Tammy Lewis,Bianca Rose,1.0
Tammy Lewis,Holly Hardy,1.0
Tammy Lewis,Jared Heyman,2.0
Tammy Lewis,Dana Hall,1.0
Tammy Lewis,Cynthia Kennedy,1.0
Eileen Martinez,Jared Heyman,3.0
Eileen Martinez,Jackie Brandt,1.0
Michelle Gonzales,Adrienne Charles,1.0
Michelle Gonzales,William Bradford,1.0
Michelle Gonzales,Jared Heyman,2.0
Michelle Gonzales,Maria Jones,1.0
Melanie Smith,Mary Clark,1.0
Melanie Smith,Jared Heyman,2.0
Miss Michelle Townsend,Donna Simpson,1.0
Miss Michelle Townsend,Jared Heyman,2.0
Anthony Rogers,Jared Heyman,1.0
Anthony Rogers,Adrienne Charles,1.0
Anthony Rogers,Betty Sharp,1.0
Anthony Rogers,Nicholas Pace,1.0
David Oconnor,Rachel Martin,1.0
David Oconnor,Samuel Cline,1.0
David Oconnor,Christopher Carlson,1.0
David Oconnor,Jared Heyman,3.0
David Oconnor,Alexis Hernandez,1.0
Sandra Dean,Jared Heyman,2.0
Sandra Dean,Jennifer Barrett,1.0
Sandra Dean,Nathan Little,1.0
Anthony Watson,Seth Houston,1.0
Anthony Watson,Jared Heyman,2.0
Amanda Lopez MD,William Barnett,1.0
Amanda Lopez MD,Dawn Gibson,1.0
Amanda Lopez MD,Jared Heyman,2.0
Amanda Lopez MD,Brian Anderson,1.0
Amanda Lopez MD,Jacqueline Jones,1.0
Amanda Lopez MD,Alexis Hernandez,1.0
Amanda Lopez MD,Christopher Carlson,1.0
Alan Davidson,Mr. Paul Martinez,1.0
Alan Davidson,Jared Heyman,3.0
Christopher James,Tammy Walker,1.0
Christopher James,Jared Heyman,2.0
Christopher James,Wendy Price,1.0
Wendy Miller,Christopher White,1.0
Wendy Miller,Valerie Wright,1.0
Wendy Miller,Jared Heyman,1.0
Amy Harris,Jared Heyman,3.0
Amy Harris,Betty Sharp,1.0
Patricia Little,Anthony Gonzalez,1.0
Patricia Little,Jared Heyman,2.0
Patricia Little,Kirk Cohen,1.0
Brenda Price,Bianca Rose,1.0
Brenda Price,Jared Heyman,3.0
Barbara Bartlett,Jared Heyman,3.0
Barbara Bartlett,Christopher White,1.0
James Marshall,Jacqueline Jones,1.0
James Marshall,Jared Heyman,2.0
Jimmy King,Jared Heyman,2.0
Jimmy King,Jessica Kane,1.0
Jonathan Smith,Dillon Williams,1.0
Jonathan Smith,Anthony Scott,1.0
Jonathan Smith,Megan Chambers,1.0
Jonathan Smith,Frederick Medina,1.0
Jonathan Smith,Joseph Ward,1.0
Jonathan Smith,Richard Dalton,1.0
Jonathan Smith,Jennifer Barrett,1.0
Jonathan Smith,Jared Heyman,1.0
Jonathan Smith,Jonathan Anderson,1.0
Jonathan Smith,Miranda Williams,1.0
Jonathan Smith,Shannon Medina,1.0
Jonathan Smith,Ashley Rodriguez,1.0
Jonathan Smith,Lisa Jones,1.0
Jonathan Smith,Bryan Whitehead,1.0
Jonathan Smith,Christopher Sloan,1.0
Jonathan Smith,Linda Pham,1.0
Jonathan Smith,Joseph Donaldson,1.0
Jonathan Smith,Alan Grant,1.0
Jonathan Smith,Jonathan Howe DVM,1.0
Jonathan Smith,Meagan Newman,1.0
Jonathan Smith,Mary Schmidt,1.0
Jonathan Smith,Erika Serrano,1.0
Kyle Miller,Jared Heyman,1.0
Kyle Miller,Brandon Jackson,1.0
Kyle Miller,Mr. Paul Martinez,1.0
Kyle Miller,Samuel Cline,1.0
Kyle Miller,Adrienne Charles,1.0
Kyle Miller,Regina Kelly,1.0
Kyle Miller,Nicholas Pace,1.0
Kyle Miller,Teresa Hudson,1.0
Dr. Erik Becker,Anthony Burke,1.0
Dr. Erik Becker,Jared Heyman,3.0
Jimmy Drake,Brandon Jackson,1.0
Jimmy Drake,Jared Heyman,2.0
Patricia Barker,Jared Heyman,1.0
Patricia Barker,Donna Simpson,1.0
Dr. Lisa Robertson,Jared Heyman,3.0
Dr. Lisa Robertson,Alexis Woods,1.0
Bryan Walker,Samuel Cline,1.0
Bryan Walker,Jared Heyman,2.0
Megan Mitchell,Jared Heyman,3.0
Megan Mitchell,Teresa Hudson,1.0
Megan Mitchell,Nancy Ruiz,1.0
Megan Mitchell,Jerry Gonzales,1.0
Megan Mitchell,John Brewer,1.0
Lisa Montgomery,Jared Heyman,2.0
Lisa Montgomery,Michael Thomas,1.0
Lisa Montgomery,Michelle Murphy,1.0
James Rodriguez,Jared Heyman,3.0
James Rodriguez,Elizabeth Wallace,1.0
Amy Armstrong,Mr. Paul Martinez,1.0
Amy Armstrong,Jared Heyman,2.0
Amy Armstrong,Marie White,1.0
Amy Armstrong,Samuel Cline,1.0
Samantha Gilbert,Laura Matthews,1.0
Samantha Gilbert,Marco Miller,1.0
Samantha Gilbert,Jared Heyman,3.0
Rodney Hurst,Jared Heyman,2.0
Rodney Hurst,Michael Thomas,1.0
Emily Rojas,Samuel Cline,1.0
Emily Rojas,Jared Heyman,2.0
Karen Carter,Jared Heyman,1.0
Karen Carter,Mr. Paul Martinez,1.0
Benjamin White,Adrienne Charles,1.0
Benjamin White,Samuel Cline,1.0
Benjamin White,Jared Heyman,2.0
Benjamin White,Jeffrey Chung,1.0
Joseph Rubio,Jonathan Anderson,1.0
Joseph Rubio,Jared Heyman,2.0
Joseph Rubio,Lisa Jones,1.0
Joseph Rubio,Tamara Murphy,1.0
Joseph Rubio,Rachel Martin,1.0
Joseph Rubio,Ellen Martinez,1.0
Joseph Rubio,Jennifer Barrett,1.0
Renee Gallegos,Jared Heyman,2.0
Renee Gallegos,Nicole Powers,1.0
Renee Gallegos,Jason Odom,1.0
Renee Gallegos,Donna Simpson,1.0
Erica King,Jared Heyman,2.0
Erica King,Samuel Cline,1.0
Erica King,Betty Sharp,1.0
Sabrina Trujillo,Christopher Carlson,1.0
Sabrina Trujillo,Alexis Hernandez,1.0
Sabrina Trujillo,Mr. Paul Martinez,1.0
Sabrina Trujillo,Jared Heyman,3.0
Jerry Collins,Anna Anderson,1.0
Jerry Collins,Jared Heyman,2.0
Ryan Nguyen,Nicholas Pace,1.0
Ryan Nguyen,Adrienne Charles,1.0
Ryan Nguyen,Jared Heyman,3.0
Ryan Nguyen,Cameron Moon,1.0
Ryan Nguyen,Betty Sharp,1.0
Megan Chambers,Ralph Ford,1.0
Megan Chambers,Jared Heyman,3.0
Mrs. Maria Williams,Jared Heyman,2.0
Mrs. Maria Williams,Tammy Walker,1.0
Jeremy Blair,Jared Heyman,1.0
Jeremy Blair,Adrienne Charles,1.0
Jeremy Blair,Samuel Cline,1.0
Eric Williams,Alyssa Holmes,1.0
Eric Williams,Christopher Edwards,1.0
Eric Williams,Ashley Rodriguez,1.0
Eric Williams,Cynthia Kennedy,1.0
Eric Williams,Jared Heyman,3.0
Eric Williams,Bianca Rose,1.0
Eric Williams,Isabel Drake,1.0
Amanda Mcknight,Zachary Prince,1.0
Amanda Mcknight,Elizabeth Gould,1.0
Amanda Mcknight,Cynthia Kennedy,1.0
Amanda Mcknight,Jordan Gomez,1.0
Amanda Mcknight,Jackie Brandt,1.0
Amanda Mcknight,Ellen Martinez,1.0
Amanda Mcknight,Jared Heyman,3.0
Amanda Mcknight,Joseph Ward,1.0
Amanda Mcknight,Bianca Rose,1.0
Amanda Mcknight,Holly Hardy,1.0
Amanda Mcknight,Ralph Ford,1.0
Amanda Mcknight,Jennifer Barrett,1.0
Amanda Mcknight,Sabrina Parker,1.0
Amanda Mcknight,Ashley Rodriguez,1.0
Amanda Mcknight,Nicholas Kline,1.0
Amanda Mcknight,Isabel Drake,1.0
Elizabeth Williamson,Bianca Rose,1.0
Elizabeth Williamson,Maria Jones,1.0
Elizabeth Williamson,Alyssa Holmes,1.0
Elizabeth Williamson,Jared Heyman,3.0
Alyssa Ward,Jeffrey Chung,1.0
Alyssa Ward,Jared Heyman,2.0
Leslie Barnett,Douglas Hoover,1.0
Leslie Barnett,Jared Heyman,1.0
Shannon Lang,Jacqueline Jones,1.0
Shannon Lang,Jared Heyman,2.0
Morgan Lewis,Jared Heyman,3.0
Morgan Lewis,Alyssa Holmes,1.0
Brandon Wilson,Jared Heyman,2.0
Brandon Wilson,Jacqueline Jones,1.0
Jeanne Briggs,Jamie Stone,1.0
Jeanne Briggs,Jared Heyman,2.0
Jeanne Briggs,Teresa Hudson,1.0
Lisa Torres,Jared Heyman,2.0
Lisa Torres,Adrienne Charles,1.0
,William Barnett,1.0
,Teresa Hudson,1.0
,Kellie Rice,1.0
,Adrienne Charles,1.0
Kathleen Johnson,Elizabeth Hale,1.0
Kathleen Johnson,Jared Heyman,1.0
Jake Roth,Jared Heyman,2.0
Jake Roth,Mr. Paul Martinez,1.0
Bradley Espinoza,Bryan Spence,1.0
Bradley Espinoza,Ellen Martinez,1.0
Bradley Espinoza,Jared Heyman,1.0
Bradley Espinoza,Cameron Moon,1.0
Bradley Espinoza,Anthony Schmidt,1.0
Bradley Espinoza,Rachel Martin,1.0
Tracy Ramirez,Teresa Hudson,1.0
Tracy Ramirez,Jared Heyman,1.0
David Barton,Jared Heyman,2.0
David Barton,Ralph Evans,1.0
Alexis Ward,Jared Heyman,3.0
Alexis Ward,Tammy Walker,1.0
Michael Le,Jared Heyman,2.0
Michael Le,Ricardo Hoover,1.0
Joshua Gonzalez,Michael Rhodes MD,1.0
Joshua Gonzalez,Jared Heyman,3.0
Linda Jacobson,Robert Goodman MD,1.0
Linda Jacobson,Mr. Paul Martinez,1.0
Linda Jacobson,Marie White,1.0
Linda Jacobson,Elizabeth Hale,1.0
Linda Jacobson,Cameron Moon,1.0
Linda Jacobson,Samuel Cline,1.0
Linda Jacobson,Christopher White,1.0
Linda Jacobson,Kyle Scott,1.0
Linda Jacobson,Logan Baker Jr.,1.0
Linda Jacobson,Jared Heyman,1.0
Kyle Hernandez,Terry Fields,1.0
Kyle Hernandez,Jared Heyman,2.0
Anthony Scott,Samuel Cline,1.0
Anthony Scott,Jennifer Dalton,1.0
Anthony Scott,Robert Goodman MD,1.0
Anthony Scott,Logan Baker Jr.,1.0
Anthony Scott,Adrienne Charles,1.0
Anthony Scott,John Brewer,1.0
Anthony Scott,Jeanette Brown,1.0
Anthony Scott,Jared Heyman,1.0
Anthony Scott,Rachel Martin,1.0
Anthony Scott,Brandon Jackson,1.0
Anthony Johnston,Jeffrey Chung,1.0
Anthony Johnston,Anna Anderson,1.0
Anthony Johnston,Jared Heyman,1.0
Joy Brennan,Jared Heyman,2.0
Joy Brennan,Samuel Cline,1.0
Amber Allen,Nicholas Pace,1.0
Amber Allen,Jared Heyman,2.0
Scott Brooks,Christy Hunter,1.0
Scott Brooks,Jared Heyman,1.0
Scott Brooks,Tracy Allen,1.0
Louis Velazquez,Jared Heyman,2.0
Louis Velazquez,Joshua Chang,1.0
Penny Harrington,Jared Heyman,2.0
Penny Harrington,Linda Pham,1.0
Penny Harrington,Brian Cross,1.0
Penny Harrington,Meagan Newman,1.0
Penny Harrington,Brian Anderson,1.0
Penny Harrington,Joseph Ward,1.0
Penny Harrington,Tammy Walker,1.0
Adam Simmons,Timothy Williams,1.0
Adam Simmons,Jared Heyman,3.0
Adam Simmons,Zachary Prince,1.0
Adam Simmons,Nancy Ruiz,1.0
Christopher Roberts,Jared Heyman,3.0
Christopher Roberts,Gary Yoder,1.0
Heidi Bradshaw,Bianca Rose,1.0
Heidi Bradshaw,Jared Heyman,2.0
Leah Harris,Regina Kelly,1.0
Leah Harris,Douglas Hoover,1.0
Leah Harris,Jared Heyman,1.0
Lisa Jenkins,Jared Heyman,3.0
Lisa Jenkins,Kathleen Garcia,1.0
Brandon Torres,Jared Heyman,1.0
Brandon Torres,Ryan Burton,1.0
James Clay,Holly Hardy,1.0
James Clay,Jared Heyman,2.0
James Long,Tammy Walker,1.0
James Long,Jessica Kane,1.0
James Long,Erika Serrano,1.0
James Long,Jared Heyman,2.0
James Long,Teresa Hudson,1.0
James Long,Mary Weber,1.0
James Long,Brittany Lutz,1.0
James Long,Mark Romero,1.0
James Long,Donna Simpson,1.0
James Long,Elizabeth Wallace,1.0
Larry Jacobson,Tamara Booker,1.0
Larry Jacobson,Michael Powell,1.0
Larry Jacobson,Jared Heyman,3.0
Linda Perry,Kellie Rice,1.0
Linda Perry,Robert Goodman MD,1.0
Linda Perry,Mr. Paul Martinez,1.0
Linda Perry,Alexis Hernandez,1.0
Linda Perry,Jeffrey Chung,1.0
Linda Perry,Johnny Brown,1.0
Linda Perry,Logan Baker Jr.,1.0
Linda Perry,Chris Evans,1.0
Linda Perry,Jared Heyman,3.0
Linda Perry,Christopher Carlson,1.0
Linda Perry,Miss Julia Miller,1.0
Linda Perry,Betty Sharp,1.0
Steven Brooks,Brandon Jackson,1.0
Steven Brooks,Jeanette Brown,1.0
Steven Brooks,Adrienne Charles,1.0
Steven Brooks,Michelle Murphy,1.0
Steven Brooks,Christopher White,1.0
Steven Brooks,Anna Anderson,1.0
Steven Brooks,Jared Heyman,3.0
Steven Brooks,Teresa Hudson,1.0
David Giles,Adrienne Charles,1.0
David Giles,Jared Heyman,1.0
David Giles,Betty Sharp,1.0
Meredith Lewis,Jared Heyman,2.0
Meredith Lewis,Zachary Prince,1.0
Meredith Lewis,Kimberly Hughes,1.0
Meredith Lewis,Anthony Gonzalez,1.0
Meredith Lewis,Mary Parker,1.0
Meredith Lewis,Lauren Jackson,1.0
Meredith Lewis,Holly Hardy,1.0
Jeffrey Johns,Jared Heyman,1.0
Jeffrey Johns,Tammy Walker,1.0
Jennifer Perez,Jacqueline Jones,1.0
Jennifer Perez,Jared Heyman,2.0
Nicole Jones,Holly Hardy,1.0
Nicole Jones,Jared Heyman,3.0
Kenneth Williams,Jared Heyman,3.0
Kenneth Williams,Samuel Cline,1.0
Natalie Brown,Jacqueline Jones,1.0
Natalie Brown,Jared Heyman,2.0
Natalie Brown,Michelle Murphy,1.0
Natalie Brown,Miss Julia Miller,1.0
Andrea Frazier,Jared Heyman,2.0
Andrea Frazier,Mr. Paul Martinez,1.0
Andrew Summers,Betty Sharp,1.0
Andrew Summers,Jared Heyman,2.0
Andrew Summers,Michael Powell,1.0
Andrew Summers,Miss Julia Miller,1.0
Andrew Summers,Jeffrey Chung,1.0
Kenneth Andrews,Jared Heyman,3.0
Kenneth Andrews,Marie White,1.0
Thomas Lindsey,William Morris,1.0
Thomas Lindsey,Valerie Wright,1.0
Thomas Lindsey,Jared Heyman,2.0
Thomas Lindsey,Robert Goodman MD,1.0
Thomas Lindsey,Kathleen Garcia,1.0
Thomas Lindsey,Gabrielle Collier,1.0
Thomas Lindsey,Jonathan Anderson,1.0
Thomas Lindsey,Cindy Meyer,1.0
Wendy Morrison,Douglas Hoover,1.0
Wendy Morrison,Teresa Hudson,1.0
Wendy Morrison,Ralph Nelson,1.0
Wendy Morrison,Donna Simpson,1.0
Wendy Morrison,Jared Heyman,2.0
Abigail Kim,Jared Heyman,2.0
Abigail Kim,Mr. Paul Martinez,1.0
Abigail Kim,Miss Julia Miller,1.0
Christine Christensen,Jacqueline Jones,1.0
Christine Christensen,Jared Heyman,3.0
Christine Christensen,Valerie Wright,1.0
Anne Weaver,Jared Heyman,2.0
Anne Weaver,Timothy Williams,1.0
Amanda Burton,Jared Heyman,1.0
Amanda Burton,Kathleen Garcia,1.0
Ryan Miranda,Tracy Allen,1.0
Ryan Miranda,Jared Heyman,2.0
Ryan Miranda,Jacob Wilson,1.0
Ryan Miranda,Mary Weber,1.0
Ryan Miranda,Jeanette Brown,1.0
Robert Medina,Jared Heyman,2.0
Robert Medina,Kathleen Garcia,1.0
Mr. Zachary White,Jared Heyman,2.0
Mr. Zachary White,Nicholas Pace,1.0
Sharon Weber,Jared Heyman,2.0
Sharon Weber,Regina Kelly,1.0
Autumn Sullivan,Jared Heyman,3.0
Autumn Sullivan,Richard Dalton,1.0
Susan Mcclure,Valerie Wright,1.0
Susan Mcclure,Tina Parker,1.0
Susan Mcclure,Christopher Sloan,1.0
Susan Mcclure,Dr. Jessica Hurley,1.0
Susan Mcclure,Calvin Jackson,1.0
Susan Mcclure,Ralph Evans,1.0
Susan Mcclure,Seth Ward,1.0
Susan Mcclure,Robin Hawkins,1.0
Susan Mcclure,Jacqueline Jones,1.0
Susan Mcclure,William Holloway,1.0
Susan Mcclure,Jennifer Barrett,1.0
Susan Mcclure,Jared Heyman,2.0
Susan Mcclure,Dawn Gibson,1.0
Susan Mcclure,Miss Julia Miller,1.0
,Danielle Cook,1.0
Dorothy King,Valerie Wright,1.0
Dorothy King,Jared Heyman,1.0
Christopher Stewart,Jamie Stone,1.0
Christopher Stewart,Jared Heyman,3.0
Cynthia Hernandez,Jared Heyman,2.0
Cynthia Hernandez,Alyssa Holmes,1.0
Cynthia Hernandez,Miss Julia Miller,1.0
Cynthia Hernandez,Stephanie Russell,1.0
Cynthia Hernandez,Mr. Jeremy Werner MD,1.0
Nathan Lewis,Jared Heyman,3.0
Nathan Lewis,Sara Byrd,1.0
Heather Black,Jared Heyman,1.0
Heather Black,Miss Julia Miller,1.0
Gabriella Bass,Christopher White,1.0
Gabriella Bass,Jared Heyman,3.0
Gabriella Bass,Logan Baker Jr.,1.0
Gabriella Bass,Jeremy Mcpherson,1.0
Kristine Williams,Mr. Paul Martinez,1.0
Kristine Williams,John Brewer,1.0
Kristine Williams,Jared Heyman,3.0
Kristy Morales,Jared Heyman,2.0
Kristy Morales,Betty Sharp,1.0
Lori Carter,Samuel Cline,1.0
Lori Carter,Jared Heyman,2.0
Jennifer Parker PhD,Betty Sharp,1.0
Jennifer Parker PhD,Jared Heyman,3.0
Stephen Stewart,Betty Sharp,1.0
Stephen Stewart,Jared Heyman,1.0
Stephen Stewart,Adrienne Charles,1.0
Mark Hall,Jared Heyman,3.0
Mark Hall,Javier Thompson,1.0
Mark Hall,Bryan Whitehead,1.0
Joseph Henderson,Mr. Paul Martinez,1.0
Joseph Henderson,Adrienne Charles,1.0
Joseph Henderson,Jared Heyman,3.0
Joseph Henderson,Nicholas Pace,1.0
William White,Adrienne Charles,1.0
William White,Jared Heyman,3.0
William White,Michelle Murphy,1.0
William White,Betty Sharp,1.0
William White,Nicholas Pace,1.0
Christine Delgado,Barry Henderson,1.0
Christine Delgado,Jared Heyman,3.0
Allen Kerr,Douglas Hoover,1.0
Allen Kerr,Jared Heyman,3.0
,Alexis Hernandez,1.0
,Christopher Carlson,1.0
,Ralph Ford,1.0
Aaron Carpenter,Jennifer Ellis,1.0
Aaron Carpenter,Jared Heyman,3.0
Patrick Rogers,Nancy Ruiz,1.0
Patrick Rogers,Jared Heyman,2.0
James Perez,Tina Parker,1.0
James Perez,Jared Heyman,3.0
James Perez,Nancy Morgan,1.0
Brooke Byrd,Jared Heyman,3.0
Brooke Byrd,Jennifer Dalton,1.0
Brooke Byrd,Logan Baker Jr.,1.0
Brooke Byrd,Thomas Myers,1.0
Brooke Byrd,Teresa Hudson,1.0
Brooke Byrd,Richard Ferguson,1.0
Brooke Byrd,Alexis Hernandez,1.0
Brooke Byrd,Christopher Carlson,1.0
Jose Mcdaniel,Jared Heyman,2.0
Jose Mcdaniel,Elizabeth Gould,1.0
Jose Mcdaniel,Cynthia Kennedy,1.0
Jose Mcdaniel,Jessica Kane,1.0
Lisa Miller DVM,Jared Heyman,2.0
Lisa Miller DVM,Adrienne Charles,1.0
Nathan Armstrong,Holly Hardy,1.0
Nathan Armstrong,Jared Heyman,2.0
Jackson King,Kent Andrews,1.0
Jackson King,Jared Heyman,2.0
Keith Chaney,Jared Heyman,1.0
Keith Chaney,Maria Jones,1.0
Patrick Smith,Jared Heyman,2.0
Patrick Smith,Ryan Burton,1.0
Patrick Smith,Mary Weber,1.0
Patrick Smith,Mr. Paul Martinez,1.0
Patrick Smith,Miss Julia Miller,1.0
Richard Phillips,Jared Heyman,2.0
Richard Phillips,Michael Rhodes MD,1.0
Richard Phillips,Miss Julia Miller,1.0
Janet Orr,Chris Coffey,1.0
Janet Orr,Jared Heyman,2.0
Harry Brown,Michelle Murphy,1.0
Harry Brown,Jared Heyman,3.0
Dr. Andrew Lewis,Jared Heyman,3.0
Dr. Andrew Lewis,Cameron Santos,1.0
Dr. Andrew Lewis,Adrienne Charles,1.0
Dr. Andrew Lewis,Kyle Scott,1.0
Kimberly Rodriguez,Jared Heyman,2.0
Kimberly Rodriguez,Miss Julia Miller,1.0
Kimberly Rodriguez,Michael Powell,1.0
Wendy Walker,Jared Heyman,2.0
Wendy Walker,Brittany Lutz,1.0
Henry Green,Linda Pham,1.0
Henry Green,Robert Goodman MD,1.0
Henry Green,Jared Heyman,2.0
Travis Pratt,Logan Baker Jr.,1.0
Travis Pratt,Cynthia Kennedy,1.0
Travis Pratt,Stephanie Russell,1.0
Travis Pratt,Elizabeth Wallace,1.0
Travis Pratt,Ellen Martinez,1.0
Travis Pratt,Frederick Medina,1.0
Travis Pratt,Jeremy Oneal,1.0
Travis Pratt,Jared Heyman,3.0
Travis Pratt,Gary Brooks,1.0
Travis Pratt,Jennifer Barrett,1.0
Travis Pratt,Alyssa Holmes,1.0
Cheryl Bailey,Jared Heyman,1.0
Cheryl Bailey,Richard Dalton,1.0
Carrie Ibarra,Valerie Wright,1.0
Carrie Ibarra,Samuel Cline,1.0
Carrie Ibarra,Logan Baker Jr.,1.0
Carrie Ibarra,Clinton Riley,1.0
Carrie Ibarra,Robert Goodman MD,1.0
Carrie Ibarra,Miss Julia Miller,1.0
Carrie Ibarra,Jared Heyman,3.0
Stacey Schneider,Jeanette Brown,1.0
Stacey Schneider,Jared Heyman,2.0
Theresa Reynolds,Jennifer Barrett,1.0
Theresa Reynolds,Jared Heyman,2.0
Jeremy Smith,Kirk Cohen,1.0
Jeremy Smith,Erika Serrano,1.0
Jeremy Smith,Jared Heyman,2.0
Lauren Williams,Jared Heyman,3.0
Lauren Williams,Frederick Medina,1.0
Robin Butler,Jared Heyman,2.0
Robin Butler,Adrienne Charles,1.0
Robin Butler,Betty Sharp,1.0
,Tamara Booker,1.0
,Michelle Murphy,1.0
Aaron Sutton,Jared Heyman,1.0
Aaron Sutton,Betty Sharp,1.0
Kristen Davis,Valerie Wright,1.0
Kristen Davis,Bianca Rose,1.0
Kristen Davis,Mr. Paul Martinez,1.0
Kristen Davis,Ellen Martinez,1.0
Kristen Davis,Nicholas Kline,1.0
Kristen Davis,Jennifer Dalton,1.0
Kristen Davis,Jared Heyman,3.0
Kristen Davis,Miss Julia Miller,1.0
Kristen Davis,Robert Goodman MD,1.0
Kristen Davis,Meagan Newman,1.0
Kristen Davis,April Morales,1.0
Kristen Davis,Bryan Harris,1.0
Kristen Davis,Lauren Jackson,1.0
Kristen Davis,Christopher Carlson,1.0
Kristen Davis,Jennifer Barrett,1.0
Kristen Davis,Terry Fields,1.0
Kristen Davis,Ronald Warren,1.0
Kristen Davis,Ralph Nelson,1.0
Kristen Davis,Elizabeth Hale,1.0
Kristen Davis,Jeanette Brown,1.0
Kristen Davis,Joseph Donaldson,1.0
Kristen Davis,Brittany Lutz,1.0
Kristen Davis,Anthony Gonzalez,1.0
Kristen Davis,Anne Medina,1.0
Kristen Davis,Alexis Hernandez,1.0
Victor Ross,Jared Heyman,1.0
Victor Ross,Elizabeth Hale,1.0
Victor Ross,Logan Baker Jr.,1.0
Kristopher Curtis,Jared Heyman,3.0
Kristopher Curtis,Ralph Evans,1.0
Kristopher Curtis,Abigail Lee,1.0
Nathan Valdez,Nicholas Pace,1.0
Nathan Valdez,Jared Heyman,2.0
Nathan Valdez,Teresa Hudson,1.0
Kevin Lee,Mary Weber,1.0
Kevin Lee,Jared Heyman,3.0
Robert Huynh,Michelle Murphy,1.0
Robert Huynh,Adrienne Charles,1.0
Robert Huynh,Jared Heyman,3.0
Steven Boone,Ellen Martinez,1.0
Steven Boone,Rachel Martin,1.0
Steven Boone,Lauren Jackson,1.0
Steven Boone,Jared Heyman,3.0
Steven Boone,Joshua Morgan,1.0
Steven Boone,Jeanette Brown,1.0
Steven Boone,Holly Hardy,1.0
Steven Boone,Teresa Hudson,1.0
Susan Bowman,Teresa Brown,1.0
Susan Bowman,Jared Heyman,2.0
Joel Harrison,Erika Serrano,1.0
Joel Harrison,Jared Heyman,1.0
Joel Harrison,Lacey Lewis,1.0
Benjamin Stark,Jared Heyman,2.0
Benjamin Stark,Anna Anderson,1.0
Robert Brady,Jennifer Barrett,1.0
Robert Brady,Jared Heyman,1.0
Jennifer Walters,Jared Heyman,1.0
Jennifer Walters,Jacqueline Thomas,1.0
Stacy Moran,Jared Heyman,2.0
Stacy Moran,Shawn Sanchez,1.0
Stacy Moran,Melanie Ritter,1.0
Shawn Stevenson MD,Jared Heyman,2.0
Shawn Stevenson MD,Elizabeth Hale,1.0
Jason Figueroa,Jared Heyman,2.0
Jason Figueroa,Ian Zimmerman,1.0
Whitney Brown,Jared Heyman,1.0
Whitney Brown,Tammy Walker,1.0
Ashley Curtis,Jared Heyman,2.0
Ashley Curtis,Jackie Brandt,1.0
James Ruiz,Dawn Gibson,1.0
James Ruiz,Teresa Brown,1.0
James Ruiz,Dr. Jessica Hurley,1.0
James Ruiz,Zachary Powers,1.0
James Ruiz,Michael Wolf,1.0
James Ruiz,Laura Matthews,1.0
James Ruiz,Jamie Wheeler,1.0
James Ruiz,Linda Ballard,1.0
James Ruiz,Jared Heyman,2.0
James Ruiz,Tina Parker,1.0
Laura Prince,Jared Heyman,2.0
Laura Prince,Adrienne Charles,1.0
Megan Smith,Jared Heyman,2.0
Megan Smith,Robert Goodman MD,1.0
Sarah Kelly,Jared Heyman,1.0
Sarah Kelly,Brian Anderson,1.0
Maria Hunter,Jared Heyman,2.0
Maria Hunter,Seth Houston,1.0
Jeffrey Barber,Christopher Carlson,1.0
Jeffrey Barber,Jared Heyman,2.0
Jeffrey Barber,Maria Jones,1.0
Jeffrey Barber,Alexis Hernandez,1.0
Jeffrey Barber,William Holloway,1.0
Mandy Wood,Heather Smith,1.0
Mandy Wood,Katelyn Morris,1.0
Mandy Wood,Megan Chambers,1.0
Mandy Wood,Ricardo Hoover,1.0
Mandy Wood,Jared Heyman,3.0
Mandy Wood,Elizabeth Wallace,1.0
Mandy Wood,Tammy Walker,1.0
Mandy Wood,Julie King,1.0
Mandy Wood,Wendy Price,1.0
Mandy Wood,Erica Dalton MD,1.0
Mandy Wood,Jessica Nelson,1.0
Mandy Wood,Sue Wong,1.0
Cynthia Clark,Jared Heyman,2.0
Cynthia Clark,Nicholas Pace,1.0
Valerie Rogers,Kathy Cantu,1.0
Valerie Rogers,Jared Heyman,3.0
Monica Aguilar,Samuel Cline,1.0
Monica Aguilar,Brandon Jackson,1.0
Monica Aguilar,Jared Heyman,3.0
Monica Aguilar,Adrienne Charles,1.0
Wanda Rogers,Betty Sharp,1.0
Wanda Rogers,Jared Heyman,2.0
Thomas Lewis,Alyssa Holmes,1.0
Thomas Lewis,Maria Jones,1.0
Thomas Lewis,Jared Heyman,2.0
Thomas Lewis,Kristen Flores,1.0
Thomas Lewis,Kellie Rice,1.0
Rachel White,Samantha Mccoy,1.0
Rachel White,Michael Rhodes MD,1.0
Rachel White,Jared Heyman,1.0
Jill Gonzalez,Jared Heyman,2.0
Jill Gonzalez,Joshua Morgan,1.0
Tyrone Maldonado,Jared Heyman,3.0
Tyrone Maldonado,Christopher Carlson,1.0
Tyrone Maldonado,Alexis Hernandez,1.0
Steven Barrera,Christopher Carlson,1.0
Steven Barrera,Alexis Hernandez,1.0
Steven Barrera,Jared Heyman,2.0
Misty Hoover,Jared Heyman,2.0
Misty Hoover,Cindy Meyer,1.0
Stephanie Alvarado,Jared Heyman,2.0
Stephanie Alvarado,Tammy Walker,1.0
Gary Hale,Ryan Burton,1.0
Gary Hale,Jared Heyman,3.0
Gary Hale,Elizabeth Hale,1.0
Dr. Ryan Walton,Jared Heyman,3.0
Dr. Ryan Walton,Rachel Martin,1.0
Dr. Ryan Walton,Mary Weber,1.0
Dr. Ryan Walton,Marie Williams,1.0
Dr. Ryan Walton,Sabrina Parker,1.0
Stephen Davis,Nicholas Pace,1.0
Stephen Davis,Jeffrey Chung,1.0
Stephen Davis,Michelle Murphy,1.0
Stephen Davis,Jared Heyman,1.0
Rebecca Hood,Tammy Walker,1.0
Rebecca Hood,Jared Heyman,2.0
Elizabeth Wolfe,William Morris,1.0
Elizabeth Wolfe,Elizabeth Gould,1.0
Elizabeth Wolfe,Katelyn Morris,1.0
Elizabeth Wolfe,Alyssa Holmes,1.0
Elizabeth Wolfe,Elizabeth Wallace,1.0
Elizabeth Wolfe,Jennifer Barrett,1.0
Elizabeth Wolfe,Cynthia Kennedy,1.0
Elizabeth Wolfe,Ashley Rodriguez,1.0
Elizabeth Wolfe,Bianca Rose,1.0
Elizabeth Wolfe,Lauren Jackson,1.0
Elizabeth Wolfe,Ellen Martinez,1.0
Elizabeth Wolfe,Lisa Jones,1.0
Elizabeth Wolfe,Jared Heyman,2.0
Elizabeth Wolfe,Zachary Prince,1.0
Elizabeth Wolfe,Tamara Booker,1.0
Elizabeth Wolfe,Joseph Ward,1.0
Elizabeth Wolfe,Mr. Paul Martinez,1.0
Elizabeth Wolfe,Lindsey Anderson,1.0
Shannon Coleman,William Cooper,1.0
Shannon Coleman,Jared Heyman,2.0
Shannon Coleman,Jessica Kane,1.0
Kimberly Jones,Ellen Martinez,1.0
Kimberly Jones,Valerie Wright,1.0
Kimberly Jones,Elizabeth House,1.0
Kimberly Jones,Cynthia Kennedy,1.0
Kimberly Jones,Cindy Meyer,1.0
Kimberly Jones,Jared Heyman,2.0
Kimberly Jones,Jennifer Barrett,1.0
Kimberly Jones,Ashley Rodriguez,1.0
Kimberly Jones,Anne Medina,1.0
Cheryl Stafford,Alyssa Holmes,1.0
Cheryl Stafford,Jared Heyman,2.0
Jeffrey Anderson,Stephanie Russell,1.0
Jeffrey Anderson,Teresa Hudson,1.0
Jeffrey Anderson,Jared Heyman,3.0
Jeffrey Anderson,Nancy Ruiz,1.0
Jaime Doyle,Anna Anderson,1.0
Jaime Doyle,Douglas Hoover,1.0
Jaime Doyle,Jared Heyman,2.0
Dawn Mccarthy,Robert Goodman MD,1.0
Dawn Mccarthy,Jared Heyman,2.0
Dawn Mccarthy,Elizabeth Gould,1.0
Ralph Cruz,Dawn Gibson,1.0
Ralph Cruz,Michelle Murphy,1.0
Ralph Cruz,Jared Heyman,2.0
Ralph Cruz,Samuel Cline,1.0
Ralph Cruz,Tracy Allen,1.0
Robert Mora,Betty Sharp,1.0
Robert Mora,Jared Heyman,2.0
Paul Wilson,Nicholas Pace,1.0
Paul Wilson,Jared Heyman,3.0
Alexander Chen,Jared Heyman,2.0
Alexander Chen,Brianna Rowland,1.0
Amy Hall,Betty Sharp,1.0
Amy Hall,Jared Heyman,3.0
Melissa Kidd,Tammy Walker,1.0
Melissa Kidd,Jared Heyman,1.0
James Nunez,Jared Heyman,3.0
James Nunez,Jamie Stone,1.0
James Nunez,Mary Weber,1.0
Kelly Bishop,Jared Heyman,1.0
Kelly Bishop,Michael Powell,1.0
Kelly Bishop,Ralph Ford,1.0
Kelly Bishop,Jennifer Barrett,1.0
Kelly Bishop,Elizabeth Gould,1.0
Kelly Bishop,Ellen Martinez,1.0
Kelly Bishop,Ronald Warren,1.0
Kelly Bishop,Teresa Hudson,1.0
Kelly Bishop,Elizabeth House,1.0
Kelly Bishop,Amanda Jones,1.0
Kelly Bishop,Jacqueline Thomas,1.0
David Brown,Kayla Holden,1.0
David Brown,Jared Heyman,1.0
Randy Smith,Joseph Donaldson,1.0
Randy Smith,Jared Heyman,2.0
Jonathan Blackwell,Christopher White,1.0
Jonathan Blackwell,Adrienne Charles,1.0
Jonathan Blackwell,Brian Anderson,1.0
Jonathan Blackwell,Jared Heyman,3.0
Jonathan Blackwell,Robert Goodman MD,1.0
Jonathan Blackwell,Jeffrey Chung,1.0
Gregory Santana,Nicholas Pace,1.0
Gregory Santana,Jared Heyman,2.0
James Jones Jr.,Jared Heyman,2.0
James Jones Jr.,Mary Weber,1.0
Dennis Carlson,Brandon Jackson,1.0
Dennis Carlson,Jared Heyman,2.0
Dennis Carlson,Chris Beard,1.0
Geoffrey Espinoza,Jonathan Anderson,1.0
Geoffrey Espinoza,Jared Heyman,3.0
Meredith Kim,Jared Heyman,1.0
Meredith Kim,John Brewer,1.0
Parker Ortega,Kathleen Garcia,1.0
Parker Ortega,Jared Heyman,2.0
Parker Ortega,Robert Goodman MD,1.0
Parker Ortega,Regina Kelly,1.0
Marilyn Scott,Jessica Kane,1.0
Marilyn Scott,Jared Heyman,1.0
Marilyn Scott,Brittany Lutz,1.0
Marilyn Scott,Tammy Walker,1.0
Gabriel Good,Chris Evans,1.0
Gabriel Good,Jared Heyman,2.0
Kelly Glass,Regina Kelly,1.0
Kelly Glass,Blake Martinez,1.0
Kelly Glass,Teresa Hudson,1.0
Kelly Glass,Jared Heyman,2.0
Ashley Cruz,Jennifer Barrett,1.0
Ashley Cruz,Ashley Rodriguez,1.0
Ashley Cruz,Teresa Hudson,1.0
Ashley Cruz,Elizabeth House,1.0
Ashley Cruz,Cynthia Kennedy,1.0
Ashley Cruz,Jared Heyman,3.0
Ashley Cruz,Cindy Meyer,1.0
Elizabeth Lindsey,Jared Heyman,3.0
Elizabeth Lindsey,Adrienne Charles,1.0
Jason Williams,Brandon Jackson,1.0
Jason Williams,Jared Heyman,2.0
Sarah Fleming,Jared Heyman,3.0
Sarah Fleming,Laura Brown,1.0
Sarah Fleming,Danielle Cook,1.0
Jennifer Holmes,Jared Heyman,2.0
Jennifer Holmes,Robert Goodman MD,1.0
Casey Keller,Michael Powell,1.0
Casey Keller,Miss Julia Miller,1.0
Casey Keller,Jared Heyman,2.0
Mike Brown,Teresa Hudson,1.0
Mike Brown,Jared Heyman,3.0
Mike Brown,Ralph Nelson,1.0
Mike Brown,Brandon Jackson,1.0
Terri Miller,Matthew Phillips,1.0
Terri Miller,Jared Heyman,3.0
Nancy Morris,Jennifer Ellis,1.0
Nancy Morris,Nancy Ruiz,1.0
Nancy Morris,Jared Heyman,3.0
Bradley Middleton,Jared Heyman,3.0
Bradley Middleton,Jennifer Ellis,1.0
Bradley Middleton,Christopher White,1.0
Bradley Middleton,Miss Julia Miller,1.0
Bradley Middleton,Jacqueline Jones,1.0
Bradley Middleton,Alexis Hernandez,1.0
Bradley Middleton,Christopher Carlson,1.0
Wesley Fowler,Jared Heyman,2.0
Wesley Fowler,Cynthia Cruz,1.0
Wesley Fowler,Christopher Edwards,1.0
Wesley Fowler,Michael Ramos,1.0
Adam Smith,Anthony Gonzalez,1.0
Adam Smith,Jared Heyman,1.0
Brian Dunn,Jared Heyman,2.0
Brian Dunn,Ryan Burton,1.0
Jacob Salazar,Jared Heyman,2.0
Jacob Salazar,William Barnett,1.0
Jacob Salazar,Anthony Gonzalez,1.0
Tammy Ramirez,Jared Heyman,2.0
Tammy Ramirez,Devin Hernandez,1.0
Holly Rios,Jared Heyman,2.0
Holly Rios,Teresa Hudson,1.0
Alan Smith,Jared Heyman,1.0
Alan Smith,Teresa Hudson,1.0
Kent Stone,Jared Heyman,3.0
Kent Stone,Thomas Myers,1.0
Tammy Miller,Robert Goodman MD,1.0
Tammy Miller,Kirk Cohen,1.0
Tammy Miller,William Cooper,1.0
Tammy Miller,Kimberly Jones,1.0
Tammy Miller,Jared Heyman,3.0
Tammy Miller,Tina Koch,1.0
Lee Odom,Jared Heyman,1.0
Lee Odom,Jonathan Anderson,1.0
Geoffrey Marks,Jacqueline Thomas,1.0
Geoffrey Marks,Jared Heyman,1.0
Geoffrey Marks,Mr. Paul Martinez,1.0
Geoffrey Marks,Randy Duran,1.0
Geoffrey Marks,Adrienne Charles,1.0
Heather Johnson,Betty Sharp,1.0
Heather Johnson,Jared Heyman,3.0
John Ayala,Jared Heyman,2.0
John Ayala,Adrienne Charles,1.0
Lisa Short,Miss Julia Miller,1.0
Lisa Short,Jared Heyman,3.0
Lisa Short,Cindy Meyer,1.0
Nicole Matthews,Mr. Paul Martinez,1.0
Nicole Matthews,Donna Simpson,1.0
Nicole Matthews,Jared Heyman,3.0
Nicole Matthews,Jeanette Brown,1.0
Nicole Matthews,Jacqueline Thomas,1.0
Dylan Chase,Logan Baker Jr.,1.0
Dylan Chase,Teresa Hudson,1.0
Dylan Chase,Mary Weber,1.0
Dylan Chase,Jared Heyman,2.0
Dylan Chase,Adrienne Charles,1.0
Dylan Chase,Jacqueline Jones,1.0
Dylan Chase,Marie Williams,1.0
Dylan Chase,Betty Sharp,1.0
,Adrienne Charles,1.0
Eileen Coffey,Seth Houston,1.0
Eileen Coffey,Jared Heyman,2.0
Daniel Turner,Jared Heyman,2.0
Daniel Turner,Ashley Rodriguez,1.0
Daniel Turner,Logan Baker Jr.,1.0
Casey Woods,Jared Heyman,2.0
Casey Woods,Teresa Hudson,1.0
Sydney Mendez,Jennifer Barrett,1.0
Sydney Mendez,Jared Heyman,3.0
Sydney Mendez,Ellen Martinez,1.0
Sydney Mendez,Rachel Martin,1.0
David Rose,Ashley Fuentes,1.0
David Rose,Jared Heyman,1.0
Danielle Weber,Christopher Carlson,1.0
Danielle Weber,Ralph Evans,1.0
Danielle Weber,Melanie Mcknight,1.0
Danielle Weber,Jared Heyman,2.0
Danielle Weber,Miss Julia Miller,1.0
Danielle Weber,Alexis Hernandez,1.0
Danielle Weber,Jacqueline Jones,1.0
Danielle Weber,Anthony Burke,1.0
Danielle Weber,Cynthia Kennedy,1.0
Beth Hayes,Brandon Jackson,1.0
Beth Hayes,Jared Heyman,2.0
Jennifer Short,Gary Brooks,1.0
Jennifer Short,Regina Kelly,1.0
Jennifer Short,Mr. Paul Martinez,1.0
Jennifer Short,Jacqueline Jones,1.0
Jennifer Short,Jared Heyman,3.0
Jennifer Short,Adrienne Charles,1.0
Daniel Randall,Donna Simpson,1.0
Daniel Randall,Mary Parker,1.0
Daniel Randall,Jared Heyman,2.0
Daniel Randall,Robert Goodman MD,1.0
Jordan Nelson,Mary Weber,1.0
Jordan Nelson,Brandon Jackson,1.0
Jordan Nelson,Jared Heyman,2.0
Mary Roman,Jonathan Hall,1.0
Mary Roman,Jared Heyman,3.0
Angela Jackson,Jared Heyman,3.0
Angela Jackson,Logan Baker Jr.,1.0
Angela Jackson,Teresa Hudson,1.0
Angela Jackson,Candice Obrien,1.0
Angela Jackson,Anthony Gonzalez,1.0
Christina Conrad,Pamela Williams,1.0
Christina Conrad,Michelle Murphy,1.0
Christina Conrad,Jared Heyman,2.0
Stephen Reese,Jared Heyman,2.0
Stephen Reese,Thomas Myers,1.0
Jennifer Garcia,Cindy Meyer,1.0
Jennifer Garcia,Jared Heyman,2.0
Lisa Gonzalez,Jared Heyman,2.0
Lisa Gonzalez,Jeffrey Chung,1.0
Russell Martinez,Logan Baker Jr.,1.0
Russell Martinez,Jared Heyman,2.0
Alexander Holloway,Jared Heyman,3.0
Alexander Holloway,Brandon Jackson,1.0
Kimberly Garcia,Mr. Paul Martinez,1.0
Kimberly Garcia,Betty Sharp,1.0
Kimberly Garcia,Jared Heyman,3.0
Calvin Thomas,Jeanette Brown,1.0
Calvin Thomas,Jacqueline Thomas,1.0
Calvin Thomas,Jared Heyman,3.0
Christopher Sanchez,Jared Heyman,2.0
Christopher Sanchez,Stephanie Russell,1.0
Christopher Sanchez,Cindy Meyer,1.0
Jorge Taylor,Michelle Murphy,1.0
Jorge Taylor,Jared Heyman,3.0
Jorge Taylor,Robert Goodman MD,1.0
Susan Navarro,Michelle Murphy,1.0
Susan Navarro,Samuel Cline,1.0
Susan Navarro,Jared Heyman,1.0
Susan Navarro,Mr. Paul Martinez,1.0
Taylor Hanson,Laura Brown,1.0
Taylor Hanson,Jared Heyman,2.0
Glenn Jenkins,Michelle Murphy,1.0
Glenn Jenkins,Joseph Sullivan,1.0
Glenn Jenkins,Jared Heyman,2.0
James Miller,Jacqueline Thomas,1.0
James Miller,Jared Heyman,2.0
Logan Navarro,Mr. Paul Martinez,1.0
Logan Navarro,Jared Heyman,2.0
Logan Navarro,Donna Simpson,1.0
Denise Mclean,Douglas Hoover,1.0
Denise Mclean,Regina Kelly,1.0
Denise Mclean,Adrienne Charles,1.0
Denise Mclean,Jared Heyman,2.0
Denise Mclean,Jennifer Ellis,1.0
Richard Gibbs,Jared Heyman,2.0
Richard Gibbs,Jamie Stone,1.0
Richard Gibbs,Marissa Chung,1.0
Angel Hickman,Alexis Hernandez,1.0
Angel Hickman,Jared Heyman,3.0
Angel Hickman,Christopher Carlson,1.0
Angel Hickman,Adrienne Charles,1.0
Angel Hickman,Jeffrey Chung,1.0
Charles Booth PhD,Teresa Hudson,1.0
Charles Booth PhD,Mary Weber,1.0
Charles Booth PhD,Ryan Burton,1.0
Charles Booth PhD,John Brewer,1.0
Charles Booth PhD,Jared Heyman,3.0
Charles Booth PhD,Mr. Paul Martinez,1.0
Charles Booth PhD,Adrienne Charles,1.0
Charles Booth PhD,Catherine Reed,1.0
Charles Booth PhD,Marissa Chung,1.0
Linda Mckenzie,Jared Heyman,3.0
Linda Mckenzie,Maria Jones,1.0
Linda Mckenzie,Mr. Paul Martinez,1.0
Linda Mckenzie,Jacqueline Jones,1.0
Linda Mckenzie,Gary Brooks,1.0
Linda Mckenzie,Dawn Gibson,1.0
Linda Mckenzie,Miss Julia Miller,1.0
Charles Snyder,Tina Parker,1.0
Charles Snyder,Miss Julia Miller,1.0
Charles Snyder,Mr. Paul Martinez,1.0
Charles Snyder,Teresa Hudson,1.0
Charles Snyder,Jared Heyman,3.0
Charles Snyder,Kellie Rice,1.0
Charles Snyder,Ivan Newton,1.0
Katherine Nguyen,Brandon Jackson,1.0
Katherine Nguyen,Jared Heyman,3.0
Jennifer Butler,Marissa Chung,1.0
Jennifer Butler,Jared Heyman,1.0
Marissa Johnson,Samuel Cline,1.0
Marissa Johnson,Jared Heyman,2.0
Jasmine Ramirez,Jared Heyman,2.0
Jasmine Ramirez,Chris Evans,1.0
Anthony Bruce MD,Dawn Gibson,1.0
Anthony Bruce MD,Jared Heyman,3.0
Shirley English,Jared Heyman,1.0
Shirley English,Miss Julia Miller,1.0
Julie Thomas,Jared Heyman,2.0
Julie Thomas,Holly Hardy,1.0
Julie Thomas,Mary Parker,1.0
Julie Thomas,Ashley Rodriguez,1.0
Shelby Morris,Jacqueline Jones,1.0
Shelby Morris,Jared Heyman,2.0
Shelby Morris,Jeffrey Chung,1.0
Shelby Morris,Michael Powell,1.0
Shelby Morris,Robert Goodman MD,1.0
Shelby Morris,Mr. Paul Martinez,1.0
Curtis Harvey,Jared Heyman,3.0
Curtis Harvey,Adrienne Charles,1.0
Chad Silva,Jared Heyman,3.0
Chad Silva,Miss Julia Miller,1.0
David Barron,Betty Sharp,1.0
David Barron,Jared Heyman,2.0
Alexandra Singleton,Miss Julia Miller,1.0
Alexandra Singleton,Jared Heyman,2.0
Renee Ashley,Jared Heyman,1.0
Renee Ashley,Jeffrey Chung,1.0
Crystal Clay,Jared Heyman,2.0
Crystal Clay,Teresa Hudson,1.0
Crystal Clay,Shelley Anthony,1.0
Crystal Clay,Maria Jones,1.0
Chelsea Johnson,Betty Sharp,1.0
Chelsea Johnson,Jared Heyman,2.0
Eric Jacobs,Alexis Hernandez,1.0
Eric Jacobs,John Brewer,1.0
Eric Jacobs,Jared Heyman,3.0
Eric Jacobs,Christopher Carlson,1.0
Trevor Krause,Ellen Martinez,1.0
Trevor Krause,Rachel Martin,1.0
Trevor Krause,Jonathan Anderson,1.0
Trevor Krause,Marie White,1.0
Trevor Krause,Jacob Wilson,1.0
Trevor Krause,Meagan Newman,1.0
Trevor Krause,Anne Medina,1.0
Trevor Krause,Jared Heyman,3.0
Trevor Krause,Timothy Williams,1.0
Trevor Krause,Dawn Gibson,1.0
Trevor Krause,Ashley Rodriguez,1.0
Trevor Krause,Jennifer Barrett,1.0
Trevor Krause,Jamie Goodman,1.0
Jennifer Macdonald,Holly Hardy,1.0
Jennifer Macdonald,Anthony Gonzalez,1.0
Jennifer Macdonald,Jared Heyman,2.0
Andrew Watkins,Adrienne Charles,1.0
Andrew Watkins,Jared Heyman,1.0
Andrew Watkins,Teresa Hudson,1.0
,Johnathan Bush,1.0
,Zachary Prince,1.0
Kimberly Wang,Erika Serrano,1.0
Kimberly Wang,Jared Heyman,2.0
Kimberly Wang,Lacey Davis,1.0
Nicole Young,Michael Powell,1.0
Nicole Young,Jared Heyman,2.0
Nicole Young,Ian Campbell,1.0
Robert Ramos,Jared Heyman,2.0
Robert Ramos,Adrienne Charles,1.0
Jon Ramirez,Adrienne Charles,1.0
Jon Ramirez,Christopher White,1.0
Jon Ramirez,Jared Heyman,3.0
Jon Ramirez,William Barnett,1.0
Steven Espinoza,Jennifer Dalton,1.0
Steven Espinoza,Christopher Carlson,1.0
Steven Espinoza,Jared Heyman,2.0
Steven Espinoza,Adrienne Charles,1.0
Steven Espinoza,Alexis Hernandez,1.0
Heather Perez,Jared Heyman,3.0
Heather Perez,Cynthia Kennedy,1.0
Heather Perez,Rachel Martin,1.0
Heather Perez,Ashley Rodriguez,1.0
Heather Perez,Tina Parker,1.0
Beverly Bates,Michelle Murphy,1.0
Beverly Bates,Jared Heyman,2.0
Hannah Barr,Amanda Jones,1.0
Hannah Barr,Jared Heyman,2.0
Duane Brown,Cameron Moon,1.0
Duane Brown,Robert Goodman MD,1.0
Duane Brown,Valerie Wright,1.0
Duane Brown,Ronald Warren,1.0
Duane Brown,William Cooper,1.0
Duane Brown,Clinton Riley,1.0
Duane Brown,Jared Heyman,2.0
Duane Brown,Tamara Murphy,1.0
Duane Brown,Jamie Stone,1.0
Duane Brown,Jonathan Hall,1.0
Duane Brown,Elizabeth Gould,1.0
Duane Brown,Jacqueline Jones,1.0
Duane Brown,Seth Houston,1.0
Duane Brown,Stephanie Russell,1.0
Duane Brown,Jordan Gomez,1.0
Duane Brown,Joshua Morgan,1.0
Duane Brown,Mr. Paul Martinez,1.0
Duane Brown,Anthony Gonzalez,1.0
Duane Brown,Jason Odom,1.0
Duane Brown,Jerry Gonzales,1.0
Duane Brown,Cynthia Kennedy,1.0
Duane Brown,Teresa Brown,1.0
Duane Brown,Jeanette Brown,1.0
Duane Brown,Michael Powell,1.0
Duane Brown,Amanda Jones,1.0
Duane Brown,Ivan Newton,1.0
Duane Brown,Frederick Medina,1.0
Lawrence Moore,Betty Sharp,1.0
Lawrence Moore,Samuel Cline,1.0
Lawrence Moore,Jared Heyman,2.0
Lawrence Moore,Nicholas Pace,1.0
Zachary Brown,Matthew Cummings,1.0
Zachary Brown,Jared Heyman,2.0
Zachary Brown,Marie White,1.0
Michael Smith,Tabitha Russell MD,1.0
Michael Smith,Jennifer Barrett,1.0
Michael Smith,Christopher Sloan,1.0
Michael Smith,Jared Heyman,2.0
Michael Smith,Laura Matthews,1.0
Nicole Peterson,Jared Heyman,2.0
Nicole Peterson,Valerie Wright,1.0
Nicole Wood,Robert Goodman MD,1.0
Nicole Wood,Jared Heyman,2.0
Yolanda Butler,Jared Heyman,3.0
Yolanda Butler,Robert Goodman MD,1.0
Yolanda Butler,Kent Ross,1.0
Jeremy Garcia,Jennifer Barrett,1.0
Jeremy Garcia,Jared Heyman,2.0
Jeremy Garcia,Jacqueline Jones,1.0
Donna Perkins,William Barnett,1.0
Donna Perkins,Mr. Paul Martinez,1.0
Donna Perkins,Adrienne Charles,1.0
Donna Perkins,Jared Heyman,3.0
Joseph Garcia,Jared Heyman,1.0
Joseph Garcia,Brandon Jackson,1.0
Joseph Garcia,Mr. Paul Martinez,1.0
Todd Rubio,Alexis Hernandez,1.0
Todd Rubio,Jared Heyman,3.0
Todd Rubio,Melanie Mcknight,1.0
Todd Rubio,Christopher Carlson,1.0
Melissa Torres,Jared Heyman,2.0
Melissa Torres,Raymond King,1.0
Melissa Torres,Marissa Chung,1.0
James Conway,Jared Heyman,2.0
James Conway,Randy Duran,1.0
Sean Gibson,Jared Heyman,2.0
Sean Gibson,Samuel Cline,1.0
Mrs. Christine Schneider DDS,Jared Heyman,2.0
Mrs. Christine Schneider DDS,Barry Henderson,1.0
Colleen Alexander,Jared Heyman,3.0
Colleen Alexander,Jacqueline Jones,1.0
Pamela Nielsen,Jared Heyman,2.0
Pamela Nielsen,Jacqueline Thomas,1.0
,Courtney Page,1.0
,Miss Julia Miller,1.0
Lisa Garcia,Tammy Walker,1.0
Lisa Garcia,Jared Heyman,3.0
Sharon Schultz,Jared Heyman,3.0
Sharon Schultz,Logan Baker Jr.,1.0
Sharon Schultz,Isabel Drake,1.0
Sharon Schultz,Elizabeth House,1.0
Sharon Schultz,Cynthia Kennedy,1.0
Sharon Schultz,Christy Hunter,1.0
Sharon Schultz,Frederick Medina,1.0
Sharon Schultz,Javier Thompson,1.0
Stephanie King,Cynthia Kennedy,1.0
Stephanie King,Jared Heyman,3.0
Lisa Berg,Michael Foster,1.0
Lisa Berg,Jared Heyman,2.0
Cody Johnson,Betty Sharp,1.0
Cody Johnson,Jared Heyman,1.0
Elizabeth Wilson,Regina Kelly,1.0
Elizabeth Wilson,Jared Heyman,1.0
Matthew Mathis,Jared Heyman,3.0
Matthew Mathis,Alyssa Holmes,1.0
Theresa Ellis,Mr. Paul Martinez,1.0
Theresa Ellis,Jared Heyman,2.0
Theresa Ellis,Stephanie Russell,1.0
Alexis Collier,Logan Baker Jr.,1.0
Alexis Collier,Tammy Walker,1.0
Alexis Collier,Jared Heyman,2.0
Alexis Collier,Elizabeth Wallace,1.0
Robin Huff,Kathleen Garcia,1.0
Robin Huff,Jared Heyman,1.0
Bobby Scott,Jamie Goodman,1.0
Bobby Scott,Jared Heyman,2.0
Bruce Gonzalez,Matthew Cummings,1.0
Bruce Gonzalez,Jared Heyman,2.0
Phyllis Singh,Jennifer Dalton,1.0
Phyllis Singh,Michael Ramos,1.0
Phyllis Singh,Jared Heyman,1.0
Morgan Jennings,Catherine Reed,1.0
Morgan Jennings,Jared Heyman,1.0
Emily Coleman,Christy Hunter,1.0
Emily Coleman,Jared Heyman,2.0
Emily Coleman,Mr. Paul Martinez,1.0
Emily Coleman,Christopher White,1.0
Steven Curtis,Samuel Cline,1.0
Steven Curtis,Jared Heyman,1.0
Alexis Williams,Adrienne Charles,1.0
Alexis Williams,Kellie Rice,1.0
Alexis Williams,Jared Heyman,2.0
Jeffrey Johnson,Michael Ramos,1.0
Jeffrey Johnson,Elizabeth Gould,1.0
Jeffrey Johnson,Jared Heyman,2.0
Sarah Stanley,Jared Heyman,2.0
Sarah Stanley,Adrienne Charles,1.0
Jamie Gonzales,Michael Rhodes MD,1.0
Jamie Gonzales,Miss Julia Miller,1.0
Jamie Gonzales,Jared Heyman,3.0
Marissa Turner,Jared Heyman,2.0
Marissa Turner,Kyle Scott,1.0
Tracey Herman,Ralph Ford,1.0
Tracey Herman,Jared Heyman,2.0
Jeremy Smith,Jared Heyman,3.0
Jeremy Smith,Samuel Cline,1.0
Jamie Beard,Bianca Rose,1.0
Jamie Beard,Teresa Hudson,1.0
Jamie Beard,Jennifer Dalton,1.0
Jamie Beard,Michelle Murphy,1.0
Jamie Beard,Brianna Rowland,1.0
Jamie Beard,Jared Heyman,2.0
,Teresa Hudson,1.0
,Jennifer Barrett,1.0
Thomas Riggs,Jennifer Dalton,1.0
Thomas Riggs,Ralph Ford,1.0
Thomas Riggs,Alexis Hernandez,1.0
Thomas Riggs,Jared Heyman,3.0
Thomas Riggs,Christopher Carlson,1.0
Thomas Riggs,Kent Andrews,1.0
Thomas Riggs,Christy Hunter,1.0
Claire Gibbs,Jared Heyman,2.0
Claire Gibbs,Adrienne Charles,1.0
Derek Williams,Jared Heyman,2.0
Derek Williams,Anthony Montes,1.0
Roberto Flynn,Adrienne Charles,1.0
Roberto Flynn,Jared Heyman,3.0
Roberto Flynn,Teresa Hudson,1.0
Carly Carpenter,Jared Heyman,1.0
Carly Carpenter,Jeffrey Chung,1.0
Mr. Eric Larson,Adrienne Charles,1.0
Mr. Eric Larson,Jared Heyman,1.0
Sarah Jones,Jared Heyman,2.0
Sarah Jones,Robert Goodman MD,1.0
Sarah Jones,Miss Julia Miller,1.0
Ann Henry,Adrienne Charles,1.0
Ann Henry,Mr. Paul Martinez,1.0
Ann Henry,Jessica Welch,1.0
Ann Henry,Joseph Donaldson,1.0
Ann Henry,Teresa Hudson,1.0
Ann Henry,Jared Heyman,3.0
Frank Duncan,Laura Matthews,1.0
Frank Duncan,Jose Mathews,1.0
Frank Duncan,Elizabeth Rodriguez,1.0
Frank Duncan,Lauren Rios,1.0
Frank Duncan,Jacob Santana,1.0
Frank Duncan,Luis Hill,1.0
Frank Duncan,Gregory Christian,1.0
Frank Duncan,David Parker,1.0
Frank Duncan,Seth Ward,1.0
Frank Duncan,Jennifer Barrett,1.0
Frank Duncan,Alyssa Holmes,1.0
Frank Duncan,Abigail Lee,1.0
Frank Duncan,Bryan Spence,1.0
Frank Duncan,Anne Medina,1.0
Frank Duncan,Bianca Rose,1.0
Frank Duncan,Calvin Jackson,1.0
Frank Duncan,Carmen Rios,1.0
Frank Duncan,Darlene Shepard,1.0
Frank Duncan,Ralph Ford,1.0
Frank Duncan,Marco Miller,1.0
Frank Duncan,Anne Bailey,1.0
Frank Duncan,David Wilson,1.0
Frank Duncan,Kara Barron,1.0
Frank Duncan,Tammy Scott,1.0
Frank Duncan,Nancy Morgan,1.0
Frank Duncan,Jared Heyman,2.0
Benjamin Lucas,Jared Heyman,3.0
Benjamin Lucas,Jonathan Anderson,1.0
Ryan Clements,Betty Sharp,1.0
Ryan Clements,Jared Heyman,3.0
Roy Garcia,Michael Rhodes MD,1.0
Roy Garcia,Jared Heyman,2.0
Ann Cobb,Samuel Cline,1.0
Ann Cobb,Jared Heyman,3.0
Jesse Williams,Betty Sharp,1.0
Jesse Williams,Jared Heyman,2.0
Jeremy Diaz,Samuel Cline,1.0
Jeremy Diaz,Jared Heyman,2.0
Ann Prince,Ryan Burton,1.0
Ann Prince,Jared Heyman,3.0
Denise Johnson,Jared Heyman,1.0
Denise Johnson,Ryan Burton,1.0
Raven Serrano,Adrienne Charles,1.0
Raven Serrano,Teresa Hudson,1.0
Raven Serrano,Jared Heyman,2.0
Raven Serrano,Nicholas Pace,1.0
Sara Stark,Jared Heyman,2.0
Sara Stark,Elizabeth Gould,1.0
Dennis Villa,Jared Heyman,2.0
Dennis Villa,Catherine Reed,1.0
Mary Sanchez,Christopher White,1.0
Mary Sanchez,Jared Heyman,2.0
Mary Sanchez,Christy Hunter,1.0
Thomas Miller,Danny Vaughn,1.0
Thomas Miller,Johnny Marquez,1.0
Thomas Miller,Meagan Robinson,1.0
Thomas Miller,Jared Heyman,2.0
Thomas Miller,Ralph Evans,1.0
Thomas Miller,Jenna Reid,1.0
Kimberly Rodriguez,Zachary Prince,1.0
Kimberly Rodriguez,Erika Serrano,1.0
Kimberly Rodriguez,Jared Heyman,3.0
Kimberly Rodriguez,Elizabeth Wallace,1.0
Nicole Schneider,Teresa Hudson,1.0
Nicole Schneider,Jared Heyman,2.0
Gregory Schaefer,Jared Heyman,3.0
Gregory Schaefer,Melanie Ritter,1.0
Kimberly Richardson,Jared Heyman,2.0
Kimberly Richardson,Cynthia Kennedy,1.0
Kimberly Richardson,Joshua Morgan,1.0
Christopher Lozano II,Jared Heyman,3.0
Christopher Lozano II,Devin Hernandez,1.0
Jeremiah Wilson,Jared Heyman,3.0
Jeremiah Wilson,Jennifer Dalton,1.0
James Gallagher,Jared Heyman,2.0
James Gallagher,Mary Weber,1.0
Annette Levy,Jared Heyman,1.0
Annette Levy,Teresa Hudson,1.0
Timothy Anderson,Kyle Aguirre,1.0
Timothy Anderson,Jared Heyman,3.0
Stephanie Bradley,Jared Heyman,2.0
Stephanie Bradley,Miss Julia Miller,1.0
Beth Walker,Jared Heyman,2.0
Beth Walker,Betty Sharp,1.0
Dr. Robert Jones,Jared Heyman,1.0
Dr. Robert Jones,Jeffrey Chung,1.0
Nathan Cox,Brandon Jackson,1.0
Nathan Cox,Jared Heyman,3.0
Jason Grant,Adrienne Charles,1.0
Jason Grant,Jared Heyman,1.0
Erin Wright,Adrienne Charles,1.0
Erin Wright,Tracy Allen,1.0
Erin Wright,Jared Heyman,2.0
Eric Martinez,Bianca Rose,1.0
Eric Martinez,Jared Heyman,2.0
Jackie Brandt,Jared Heyman,2.0
Jackie Brandt,Dana Hall,1.0
Amy Hensley,Jared Heyman,1.0
Amy Hensley,Betty Sharp,1.0
Katelyn Rios,Jared Heyman,2.0
Katelyn Rios,Teresa Hudson,1.0
Katelyn Rios,Samuel Cline,1.0
Michael Johnson,Jared Heyman,2.0
Michael Johnson,Betty Sharp,1.0
Jacqueline Craig,Jared Heyman,2.0
Jacqueline Craig,Maria Jones,1.0
Melissa Wade,Jared Heyman,2.0
Melissa Wade,Sabrina Parker,1.0
Melissa Wade,Brandon Jackson,1.0
Stephanie Adkins,Jared Heyman,2.0
Stephanie Adkins,Jennifer Barrett,1.0
Stephanie Adkins,Marissa Chung,1.0
Julie Rodriguez,Jared Heyman,2.0
Julie Rodriguez,Tamara Murphy,1.0
Jessica Wright,Jared Heyman,2.0
Jessica Wright,Jamie Stone,1.0
Donna Rogers,Jared Heyman,2.0
Donna Rogers,Bryan Spence,1.0
Donna Rogers,Tamara Murphy,1.0
Donna Rogers,Ralph Ford,1.0
Jessica Pugh,Cindy Meyer,1.0
Jessica Pugh,Jared Heyman,3.0
Jessica Pugh,Alexis Hernandez,1.0
Jessica Pugh,Christopher Carlson,1.0
Jessica Pugh,Cynthia Kennedy,1.0
Anna York,Miss Julia Miller,1.0
Anna York,Ashley Fuentes,1.0
Anna York,Justin Miller,1.0
Anna York,Dawn Gibson,1.0
Anna York,Ralph Evans,1.0
Anna York,Laura Matthews,1.0
Anna York,Michael Rhodes MD,1.0
Anna York,Jared Heyman,1.0
Anna York,William Holloway,1.0
Brian Lang,Jared Heyman,3.0
Brian Lang,Adrienne Charles,1.0
Rick White,Jared Heyman,2.0
Rick White,Betty Sharp,1.0
Roger Osborne,Jared Heyman,1.0
Roger Osborne,Betty Sharp,1.0
Andrea Johnson,Maria Jones,1.0
Andrea Johnson,Jared Heyman,2.0
Stephen Berry,Cynthia Kennedy,1.0
Stephen Berry,Jared Heyman,3.0
Stephen Berry,Frederick Medina,1.0
Stephen Berry,Bianca Rose,1.0
Stephen Berry,Maria Jones,1.0
Stephen Berry,Isabel Drake,1.0
Jenna Dean,Robert Goodman MD,1.0
Jenna Dean,Jared Heyman,2.0
Jenna Dean,Jeffrey Chung,1.0
Jenna Dean,Adrienne Charles,1.0
Anthony Jones,Joseph Donaldson,1.0
Anthony Jones,Jared Heyman,3.0
Christine Mcfarland,Jared Heyman,3.0
Christine Mcfarland,Ralph Ford,1.0
Michael Douglas,Marie Williams,1.0
Michael Douglas,Maria Jones,1.0
Michael Douglas,Gary Yoder,1.0
Michael Douglas,Jared Heyman,2.0
Charles Jones,Jerry Gonzales,1.0
Charles Jones,Jennifer Barrett,1.0
Charles Jones,Jennifer Dalton,1.0
Charles Jones,Adrienne Charles,1.0
Charles Jones,Jared Heyman,3.0
Charles Jones,Mr. Paul Martinez,1.0
Charles Jones,Teresa Hudson,1.0
Carol Soto,Marie White,1.0
Carol Soto,Jared Heyman,2.0
Heather Robinson,Jacqueline Jones,1.0
Heather Robinson,Douglas Hoover,1.0
Heather Robinson,Miss Julia Miller,1.0
Heather Robinson,Jerry Gonzales,1.0
Heather Robinson,Jared Heyman,3.0
Vicki Davis,Jared Heyman,3.0
Vicki Davis,Michael Powell,1.0
Vicki Davis,Anthony Gonzalez,1.0
Kevin Ingram,Blake Martinez,1.0
Kevin Ingram,Ryan Burton,1.0
Kevin Ingram,Jared Heyman,3.0
Kevin Ingram,Michelle Murphy,1.0
Kevin Ingram,Marie Williams,1.0
Kevin Ingram,Jeanette Brown,1.0
Kevin Ingram,Douglas Hoover,1.0
Michael Stevens,Jared Heyman,3.0
Michael Stevens,Valerie Wright,1.0
Kara Boone,Christopher Mcbride MD,1.0
Kara Boone,Donna Rodriguez,1.0
Kara Boone,Michelle Murphy,1.0
Kara Boone,Jared Heyman,2.0
Kara Boone,Samuel Cline,1.0
Kara Boone,Adrienne Charles,1.0
